#
# A fatal error has been detected by the Java Runtime Environment:
#
#  SIGSEGV (0xb) at pc=0x000000018376efa4, pid=42616, tid=5635
#
# JRE version: OpenJDK Runtime Environment Temurin-26+35 (26.0+35) (build 26+35)
# Java VM: OpenJDK 64-Bit Server VM Temurin-26+35 (26+35, mixed mode, sharing, tiered, compressed oops, compressed class ptrs, g1 gc, bsd-aarch64)
# Problematic frame:
# C  [libsystem_platform.dylib+0xfa4]  _platform_memcmp+0x94
#
# No core dump will be written. Core dumps have been disabled. To enable core dumping, try "ulimit -c unlimited" before starting Java again
#
# If you would like to submit a bug report, please visit:
#   https://github.com/adoptium/adoptium-support/issues
# The crash happened outside the Java Virtual Machine in native code.
# See problematic frame for where to report the bug.
#

---------------  S U M M A R Y ------------

Command Line: -javaagent:/Users/havardottestad/Documents/Programming/rdf4j/.m2_repo/org/mockito/mockito-core/5.23.0/mockito-core-5.23.0.jar -Xmx4G -Djava.awt.headless=true /Users/havardottestad/Documents/Programming/rdf4j/core/sail/lmdb/target/surefire/surefirebooter-20261004162609519_3.jar /Users/havardottestad/Documents/Programming/rdf4j/core/sail/lmdb/target/surefire 2026-10-04T16-26-09_480-jvmRun1 surefire-20261004162609519_1tmp surefire_0-20261004162609519_2tmp

Host: "Mac15,9" arm64, 16 cores, 128G, Darwin 25.6.0, macOS 26.6.2 (25G83)
Time: Sun Oct  4 16:26:10 2026 CEST elapsed time: 1.307913 seconds (0d 0h 0m 1s)

---------------  T H R E A D  ---------------

Current thread (0x0000000104859130):  JavaThread "main"             [_thread_in_native, id=5635, stack(0x000000016bd30000,0x000000016bf33000) (2060K)]

Stack: [0x000000016bd30000,0x000000016bf33000],  sp=0x000000016bf2ea50,  free space=2042k
Native frames: (J=compiled Java code, j=interpreted, Vv=VM code, C=native code)
C  [libsystem_platform.dylib+0xfa4]  _platform_memcmp+0x94
C  [liblwjgl_lmdb.dylib+0xc99c]
C  [liblwjgl_lmdb.dylib+0xc11c]
C  [liblwjgl_lmdb.dylib+0x5668]
C  [liblwjgl_lmdb.dylib+0xeb40]
j  org.lwjgl.util.lmdb.LMDB.nmdb_put(JIJJI)I+0
j  org.lwjgl.util.lmdb.LMDB.mdb_put(JILorg/lwjgl/util/lmdb/MDBVal;Lorg/lwjgl/util/lmdb/MDBVal;I)I+24
j  org.eclipse.rdf4j.sail.lmdb.LmdbLegacyIndexDiscoveryTest.lambda$nativePutTriple$0(Ljava/lang/String;Ljava/nio/ByteBuffer;Lorg/lwjgl/system/MemoryStack;J)Ljava/lang/Object;+57
j  org.eclipse.rdf4j.sail.lmdb.LmdbLegacyIndexDiscoveryTest$$Lambda+0x00003000012ff908.exec(Lorg/lwjgl/system/MemoryStack;J)Ljava/lang/Object;+10
j  org.eclipse.rdf4j.sail.lmdb.LmdbUtil.writeTransaction(JLorg/eclipse/rdf4j/sail/lmdb/LmdbUtil$Transaction;)Ljava/lang/Object;+38
j  org.eclipse.rdf4j.sail.lmdb.LmdbLegacyIndexDiscoveryTest.nativePutTriple(Ljava/nio/file/Path;Ljava/lang/String;Ljava/nio/ByteBuffer;)V+69
j  org.eclipse.rdf4j.sail.lmdb.LmdbLegacyIndexDiscoveryTest.rejectsFormatSixInlineIdInLegacyStatementWithoutChangingNativeGeneration()V+138
j  java.lang.invoke.LambdaForm$DMH+0x000030000115c000.invokeVirtual(Ljava/lang/Object;Ljava/lang/Object;)V+10 java.base@26
j  java.lang.invoke.LambdaForm$MH+0x000030000115c800.invoke(Ljava/lang/Object;Ljava/lang/Object;)Ljava/lang/Object;+31 java.base@26
J 1539 c1 java.lang.invoke.Invokers$Holder.invokeExact_MT(Ljava/lang/Object;Ljava/lang/Object;Ljava/lang/Object;)Ljava/lang/Object; java.base@26 (23 bytes) @ 0x000000011c72e1dc [0x000000011c72db00+0x00000000000006dc]
j  jdk.internal.reflect.DirectMethodHandleAccessor.invokeImpl(Ljava/lang/Object;[Ljava/lang/Object;)Ljava/lang/Object;+41 java.base@26
j  jdk.internal.reflect.DirectMethodHandleAccessor.invoke(Ljava/lang/Object;[Ljava/lang/Object;)Ljava/lang/Object;+23 java.base@26
J 3171 c1 java.lang.reflect.Method.invoke(Ljava/lang/Object;[Ljava/lang/Object;)Ljava/lang/Object; java.base@26 (108 bytes) @ 0x000000011c9a8b0c [0x000000011c9a8500+0x000000000000060c]
j  org.junit.platform.commons.util.ReflectionUtils.invokeMethod(Ljava/lang/reflect/Method;Ljava/lang/Object;[Ljava/lang/Object;)Ljava/lang/Object;+42
j  org.junit.platform.commons.support.ReflectionSupport.invokeMethod(Ljava/lang/reflect/Method;Ljava/lang/Object;[Ljava/lang/Object;)Ljava/lang/Object;+3
j  org.junit.jupiter.engine.support.MethodReflectionUtils.invoke(Ljava/lang/reflect/Method;Ljava/lang/Object;[Ljava/lang/Object;)Ljava/lang/Object;+47
j  org.junit.jupiter.engine.execution.MethodInvocation.proceed()Ljava/lang/Object;+18
j  org.junit.jupiter.engine.execution.InvocationInterceptorChain$ValidatingInvocation.proceed()Ljava/lang/Object;+8
j  org.junit.jupiter.engine.extension.TimeoutExtension.intercept(Lorg/junit/jupiter/api/extension/InvocationInterceptor$Invocation;Lorg/junit/jupiter/api/extension/ReflectiveInvocationContext;Lorg/junit/jupiter/api/extension/ExtensionContext;Lorg/junit/jupiter/engine/extension/TimeoutDuration;Lorg/junit/jupiter/engine/extension/TimeoutExtension$TimeoutProvider;)Ljava/lang/Object;+53
j  org.junit.jupiter.engine.extension.TimeoutExtension.interceptTestableMethod(Lorg/junit/jupiter/api/extension/InvocationInterceptor$Invocation;Lorg/junit/jupiter/api/extension/ReflectiveInvocationContext;Lorg/junit/jupiter/api/extension/ExtensionContext;Lorg/junit/jupiter/engine/extension/TimeoutExtension$TimeoutProvider;)Ljava/lang/Object;+31
j  org.junit.jupiter.engine.extension.TimeoutExtension.interceptTestMethod(Lorg/junit/jupiter/api/extension/InvocationInterceptor$Invocation;Lorg/junit/jupiter/api/extension/ReflectiveInvocationContext;Lorg/junit/jupiter/api/extension/ExtensionContext;)V+9
j  org.junit.jupiter.engine.descriptor.TestMethodTestDescriptor$$Lambda+0x0000300001108a98.apply(Lorg/junit/jupiter/api/extension/InvocationInterceptor;Lorg/junit/jupiter/api/extension/InvocationInterceptor$Invocation;Lorg/junit/jupiter/api/extension/ReflectiveInvocationContext;Lorg/junit/jupiter/api/extension/ExtensionContext;)V+5
j  org.junit.jupiter.engine.execution.InterceptingExecutableInvoker$ReflectiveInterceptorCall.lambda$ofVoidMethod$0(Lorg/junit/jupiter/engine/execution/InterceptingExecutableInvoker$ReflectiveInterceptorCall$VoidMethodInterceptorCall;Lorg/junit/jupiter/api/extension/InvocationInterceptor;Lorg/junit/jupiter/api/extension/InvocationInterceptor$Invocation;Lorg/junit/jupiter/api/extension/ReflectiveInvocationContext;Lorg/junit/jupiter/api/extension/ExtensionContext;)Ljava/lang/Void;+6
j  org.junit.jupiter.engine.execution.InterceptingExecutableInvoker$ReflectiveInterceptorCall$$Lambda+0x0000300001155248.apply(Lorg/junit/jupiter/api/extension/InvocationInterceptor;Lorg/junit/jupiter/api/extension/InvocationInterceptor$Invocation;Lorg/junit/jupiter/api/extension/ReflectiveInvocationContext;Lorg/junit/jupiter/api/extension/ExtensionContext;)Ljava/lang/Object;+9
j  org.junit.jupiter.engine.execution.InterceptingExecutableInvoker.lambda$invoke$0(Lorg/junit/jupiter/engine/execution/InterceptingExecutableInvoker$ReflectiveInterceptorCall;Lorg/junit/jupiter/api/extension/ReflectiveInvocationContext;Lorg/junit/jupiter/api/extension/ExtensionContext;Lorg/junit/jupiter/api/extension/InvocationInterceptor;Lorg/junit/jupiter/api/extension/InvocationInterceptor$Invocation;)Ljava/lang/Object;+6
j  org.junit.jupiter.engine.execution.InterceptingExecutableInvoker$$Lambda+0x0000300001155948.apply(Lorg/junit/jupiter/api/extension/InvocationInterceptor;Lorg/junit/jupiter/api/extension/InvocationInterceptor$Invocation;)Ljava/lang/Object;+14
j  org.junit.jupiter.engine.execution.InvocationInterceptorChain$InterceptedInvocation.proceed()Ljava/lang/Object;+12
j  org.junit.jupiter.engine.execution.InvocationInterceptorChain.proceed(Lorg/junit/jupiter/api/extension/InvocationInterceptor$Invocation;)Ljava/lang/Object;+1
j  org.junit.jupiter.engine.execution.InvocationInterceptorChain.chainAndInvoke(Lorg/junit/jupiter/api/extension/InvocationInterceptor$Invocation;Lorg/junit/jupiter/engine/execution/InvocationInterceptorChain$InterceptorCall;Ljava/util/List;)Ljava/lang/Object;+24
j  org.junit.jupiter.engine.execution.InvocationInterceptorChain.invoke(Lorg/junit/jupiter/api/extension/InvocationInterceptor$Invocation;Lorg/junit/jupiter/engine/extension/ExtensionRegistry;Lorg/junit/jupiter/engine/execution/InvocationInterceptorChain$InterceptorCall;)Ljava/lang/Object;+31
j  org.junit.jupiter.engine.execution.InterceptingExecutableInvoker.invoke(Lorg/junit/jupiter/api/extension/InvocationInterceptor$Invocation;Lorg/junit/jupiter/api/extension/ReflectiveInvocationContext;Lorg/junit/jupiter/api/extension/ExtensionContext;Lorg/junit/jupiter/engine/extension/ExtensionRegistry;Lorg/junit/jupiter/engine/execution/InterceptingExecutableInvoker$ReflectiveInterceptorCall;)Ljava/lang/Object;+15
j  org.junit.jupiter.engine.execution.InterceptingExecutableInvoker.invoke(Ljava/lang/reflect/Method;Ljava/lang/Object;Lorg/junit/jupiter/api/extension/ExtensionContext;Lorg/junit/jupiter/engine/extension/ExtensionRegistry;Lorg/junit/jupiter/engine/execution/InterceptingExecutableInvoker$ReflectiveInterceptorCall;)Ljava/lang/Object;+59
j  org.junit.jupiter.engine.execution.InterceptingExecutableInvoker.invokeVoid(Ljava/lang/reflect/Method;Ljava/lang/Object;Lorg/junit/jupiter/api/extension/ExtensionContext;Lorg/junit/jupiter/engine/extension/ExtensionRegistry;Lorg/junit/jupiter/engine/execution/InterceptingExecutableInvoker$ReflectiveInterceptorCall$VoidMethodInterceptorCall;)V+11
j  org.junit.jupiter.engine.descriptor.TestMethodTestDescriptor.lambda$invokeTestMethod$0(Lorg/junit/jupiter/api/extension/ExtensionContext;Lorg/junit/jupiter/engine/execution/JupiterEngineExecutionContext;)V+28
j  org.junit.jupiter.engine.descriptor.TestMethodTestDescriptor$$Lambda+0x0000300001157c68.execute()V+12
j  org.junit.platform.engine.support.hierarchical.ThrowableCollector.execute(Lorg/junit/platform/engine/support/hierarchical/ThrowableCollector$Executable;)V+1
j  org.junit.jupiter.engine.descriptor.TestMethodTestDescriptor.invokeTestMethod(Lorg/junit/jupiter/engine/execution/JupiterEngineExecutionContext;Lorg/junit/platform/engine/support/hierarchical/Node$DynamicTestExecutor;)V+21
j  org.junit.jupiter.engine.descriptor.TestMethodTestDescriptor.execute(Lorg/junit/jupiter/engine/execution/JupiterEngineExecutionContext;Lorg/junit/platform/engine/support/hierarchical/Node$DynamicTestExecutor;)Lorg/junit/jupiter/engine/execution/JupiterEngineExecutionContext;+44
j  org.junit.jupiter.engine.descriptor.TestMethodTestDescriptor.execute(Lorg/junit/platform/engine/support/hierarchical/EngineExecutionContext;Lorg/junit/platform/engine/support/hierarchical/Node$DynamicTestExecutor;)Lorg/junit/platform/engine/support/hierarchical/EngineExecutionContext;+6
j  org.junit.platform.engine.support.hierarchical.NodeTestTask.lambda$executeRecursively$2(Lorg/junit/platform/engine/support/hierarchical/ThrowableCollector;)V+78
j  org.junit.platform.engine.support.hierarchical.NodeTestTask$$Lambda+0x000030000113cd10.execute()V+8
j  org.junit.platform.engine.support.hierarchical.ThrowableCollector.execute(Lorg/junit/platform/engine/support/hierarchical/ThrowableCollector$Executable;)V+1
j  org.junit.platform.engine.support.hierarchical.NodeTestTask.lambda$executeRecursively$1(Lorg/junit/platform/engine/support/hierarchical/ThrowableCollector;Lorg/junit/platform/engine/support/hierarchical/EngineExecutionContext;)V+13
j  org.junit.platform.engine.support.hierarchical.NodeTestTask$$Lambda+0x000030000113cae0.invoke(Lorg/junit/platform/engine/support/hierarchical/EngineExecutionContext;)V+9
j  org.junit.platform.engine.support.hierarchical.Node.around(Lorg/junit/platform/engine/support/hierarchical/EngineExecutionContext;Lorg/junit/platform/engine/support/hierarchical/Node$Invocation;)V+2
j  org.junit.platform.engine.support.hierarchical.NodeTestTask.lambda$executeRecursively$0(Lorg/junit/platform/engine/support/hierarchical/ThrowableCollector;)V+15
j  org.junit.platform.engine.support.hierarchical.NodeTestTask$$Lambda+0x000030000113c6a8.execute()V+8
j  org.junit.platform.engine.support.hierarchical.ThrowableCollector.execute(Lorg/junit/platform/engine/support/hierarchical/ThrowableCollector$Executable;)V+1
j  org.junit.platform.engine.support.hierarchical.NodeTestTask.executeRecursively()V+34
j  org.junit.platform.engine.support.hierarchical.NodeTestTask.execute()V+79
j  org.junit.platform.engine.support.hierarchical.SameThreadHierarchicalTestExecutorService$$Lambda+0x000030000113d850.accept(Ljava/lang/Object;)V+4
j  java.util.ArrayList.forEach(Ljava/util/function/Consumer;)V+46 java.base@26
j  org.junit.platform.engine.support.hierarchical.SameThreadHierarchicalTestExecutorService.invokeAll(Ljava/util/List;)V+6
j  org.junit.platform.engine.support.hierarchical.NodeTestTask.lambda$executeRecursively$2(Lorg/junit/platform/engine/support/hierarchical/ThrowableCollector;)V+115
j  org.junit.platform.engine.support.hierarchical.NodeTestTask$$Lambda+0x000030000113cd10.execute()V+8
j  org.junit.platform.engine.support.hierarchical.ThrowableCollector.execute(Lorg/junit/platform/engine/support/hierarchical/ThrowableCollector$Executable;)V+1
j  org.junit.platform.engine.support.hierarchical.NodeTestTask.lambda$executeRecursively$1(Lorg/junit/platform/engine/support/hierarchical/ThrowableCollector;Lorg/junit/platform/engine/support/hierarchical/EngineExecutionContext;)V+13
j  org.junit.platform.engine.support.hierarchical.NodeTestTask$$Lambda+0x000030000113cae0.invoke(Lorg/junit/platform/engine/support/hierarchical/EngineExecutionContext;)V+9
j  org.junit.platform.engine.support.hierarchical.Node.around(Lorg/junit/platform/engine/support/hierarchical/EngineExecutionContext;Lorg/junit/platform/engine/support/hierarchical/Node$Invocation;)V+2
j  org.junit.platform.engine.support.hierarchical.NodeTestTask.lambda$executeRecursively$0(Lorg/junit/platform/engine/support/hierarchical/ThrowableCollector;)V+15
j  org.junit.platform.engine.support.hierarchical.NodeTestTask$$Lambda+0x000030000113c6a8.execute()V+8
j  org.junit.platform.engine.support.hierarchical.ThrowableCollector.execute(Lorg/junit/platform/engine/support/hierarchical/ThrowableCollector$Executable;)V+1
j  org.junit.platform.engine.support.hierarchical.NodeTestTask.executeRecursively()V+34
j  org.junit.platform.engine.support.hierarchical.NodeTestTask.execute()V+79
j  org.junit.platform.engine.support.hierarchical.SameThreadHierarchicalTestExecutorService$$Lambda+0x000030000113d850.accept(Ljava/lang/Object;)V+4
j  java.util.ArrayList.forEach(Ljava/util/function/Consumer;)V+46 java.base@26
j  org.junit.platform.engine.support.hierarchical.SameThreadHierarchicalTestExecutorService.invokeAll(Ljava/util/List;)V+6
j  org.junit.platform.engine.support.hierarchical.NodeTestTask.lambda$executeRecursively$2(Lorg/junit/platform/engine/support/hierarchical/ThrowableCollector;)V+115
j  org.junit.platform.engine.support.hierarchical.NodeTestTask$$Lambda+0x000030000113cd10.execute()V+8
j  org.junit.platform.engine.support.hierarchical.ThrowableCollector.execute(Lorg/junit/platform/engine/support/hierarchical/ThrowableCollector$Executable;)V+1
j  org.junit.platform.engine.support.hierarchical.NodeTestTask.lambda$executeRecursively$1(Lorg/junit/platform/engine/support/hierarchical/ThrowableCollector;Lorg/junit/platform/engine/support/hierarchical/EngineExecutionContext;)V+13
j  org.junit.platform.engine.support.hierarchical.NodeTestTask$$Lambda+0x000030000113cae0.invoke(Lorg/junit/platform/engine/support/hierarchical/EngineExecutionContext;)V+9
j  org.junit.platform.engine.support.hierarchical.Node.around(Lorg/junit/platform/engine/support/hierarchical/EngineExecutionContext;Lorg/junit/platform/engine/support/hierarchical/Node$Invocation;)V+2
j  org.junit.platform.engine.support.hierarchical.NodeTestTask.lambda$executeRecursively$0(Lorg/junit/platform/engine/support/hierarchical/ThrowableCollector;)V+15
j  org.junit.platform.engine.support.hierarchical.NodeTestTask$$Lambda+0x000030000113c6a8.execute()V+8
j  org.junit.platform.engine.support.hierarchical.ThrowableCollector.execute(Lorg/junit/platform/engine/support/hierarchical/ThrowableCollector$Executable;)V+1
j  org.junit.platform.engine.support.hierarchical.NodeTestTask.executeRecursively()V+34
j  org.junit.platform.engine.support.hierarchical.NodeTestTask.execute()V+79
j  org.junit.platform.engine.support.hierarchical.SameThreadHierarchicalTestExecutorService.submit(Lorg/junit/platform/engine/support/hierarchical/HierarchicalTestExecutorService$TestTask;)Ljava/util/concurrent/Future;+1
j  org.junit.platform.engine.support.hierarchical.HierarchicalTestExecutor.execute()Ljava/util/concurrent/Future;+8
j  org.junit.platform.engine.support.hierarchical.HierarchicalTestEngine.execute(Lorg/junit/platform/engine/ExecutionRequest;)V+31
j  org.junit.platform.launcher.core.EngineExecutionOrchestrator.executeEngine(Lorg/junit/platform/engine/TestDescriptor;Lorg/junit/platform/engine/EngineExecutionListener;Lorg/junit/platform/engine/ConfigurationParameters;Lorg/junit/platform/engine/TestEngine;Lorg/junit/platform/engine/OutputDirectoryCreator;Lorg/junit/platform/launcher/core/DiscoveryIssueNotifier;Lorg/junit/platform/engine/support/store/NamespacedHierarchicalStore;Lorg/junit/platform/engine/CancellationToken;)V+26
j  org.junit.platform.launcher.core.EngineExecutionOrchestrator.failOrExecuteEngine(Lorg/junit/platform/launcher/core/LauncherDiscoveryResult;Lorg/junit/platform/engine/EngineExecutionListener;Lorg/junit/platform/engine/TestEngine;Lorg/junit/platform/engine/support/store/NamespacedHierarchicalStore;Lorg/junit/platform/engine/CancellationToken;)V+177
j  org.junit.platform.launcher.core.EngineExecutionOrchestrator.execute(Lorg/junit/platform/launcher/core/LauncherDiscoveryResult;Lorg/junit/platform/engine/EngineExecutionListener;Lorg/junit/platform/engine/support/store/NamespacedHierarchicalStore;Lorg/junit/platform/engine/CancellationToken;)V+70
j  org.junit.platform.launcher.core.EngineExecutionOrchestrator.execute(Lorg/junit/platform/launcher/core/InternalTestPlan;Lorg/junit/platform/engine/EngineExecutionListener;Lorg/junit/platform/launcher/TestExecutionListener;Lorg/junit/platform/engine/support/store/NamespacedHierarchicalStore;Lorg/junit/platform/engine/CancellationToken;)V+59
j  org.junit.platform.launcher.core.EngineExecutionOrchestrator.lambda$execute$0(Lorg/junit/platform/launcher/core/InternalTestPlan;Lorg/junit/platform/engine/support/store/NamespacedHierarchicalStore;Lorg/junit/platform/engine/CancellationToken;Lorg/junit/platform/launcher/TestExecutionListener;)V+9
j  org.junit.platform.launcher.core.EngineExecutionOrchestrator$$Lambda+0x000030000111ec88.accept(Ljava/lang/Object;)V+20
j  org.junit.platform.launcher.core.EngineExecutionOrchestrator.withInterceptedStreams(Lorg/junit/platform/engine/ConfigurationParameters;Lorg/junit/platform/launcher/core/ListenerRegistry;Ljava/util/function/Consumer;)V+51
j  org.junit.platform.launcher.core.EngineExecutionOrchestrator.execute(Lorg/junit/platform/launcher/core/InternalTestPlan;Lorg/junit/platform/engine/support/store/NamespacedHierarchicalStore;Ljava/util/Collection;Lorg/junit/platform/engine/CancellationToken;)V+28
j  org.junit.platform.launcher.core.DefaultLauncher.execute(Lorg/junit/platform/launcher/core/InternalTestPlan;Ljava/util/Collection;Lorg/junit/platform/engine/CancellationToken;)V+15
j  org.junit.platform.launcher.core.DefaultLauncher.execute(Lorg/junit/platform/launcher/LauncherExecutionRequest;)V+49
j  org.junit.platform.launcher.core.DelegatingLauncher.execute(Lorg/junit/platform/launcher/LauncherExecutionRequest;)V+12
j  org.junit.platform.launcher.core.InterceptingLauncher.lambda$execute$2(Lorg/junit/platform/launcher/LauncherExecutionRequest;)Ljava/lang/Object;+2
j  org.junit.platform.launcher.core.InterceptingLauncher$$Lambda+0x000030000111e5e0.proceed()Ljava/lang/Object;+8
j  org.junit.platform.launcher.core.ClasspathAlignmentCheckingLauncherInterceptor.intercept(Lorg/junit/platform/launcher/LauncherInterceptor$Invocation;)Ljava/lang/Object;+1
...<more frames>...
Java frames: (J=compiled Java code, j=interpreted, Vv=VM code)
j  org.lwjgl.util.lmdb.LMDB.nmdb_put(JIJJI)I+0
j  org.lwjgl.util.lmdb.LMDB.mdb_put(JILorg/lwjgl/util/lmdb/MDBVal;Lorg/lwjgl/util/lmdb/MDBVal;I)I+24
j  org.eclipse.rdf4j.sail.lmdb.LmdbLegacyIndexDiscoveryTest.lambda$nativePutTriple$0(Ljava/lang/String;Ljava/nio/ByteBuffer;Lorg/lwjgl/system/MemoryStack;J)Ljava/lang/Object;+57
j  org.eclipse.rdf4j.sail.lmdb.LmdbLegacyIndexDiscoveryTest$$Lambda+0x00003000012ff908.exec(Lorg/lwjgl/system/MemoryStack;J)Ljava/lang/Object;+10
j  org.eclipse.rdf4j.sail.lmdb.LmdbUtil.writeTransaction(JLorg/eclipse/rdf4j/sail/lmdb/LmdbUtil$Transaction;)Ljava/lang/Object;+38
j  org.eclipse.rdf4j.sail.lmdb.LmdbLegacyIndexDiscoveryTest.nativePutTriple(Ljava/nio/file/Path;Ljava/lang/String;Ljava/nio/ByteBuffer;)V+69
j  org.eclipse.rdf4j.sail.lmdb.LmdbLegacyIndexDiscoveryTest.rejectsFormatSixInlineIdInLegacyStatementWithoutChangingNativeGeneration()V+138
j  java.lang.invoke.LambdaForm$DMH+0x000030000115c000.invokeVirtual(Ljava/lang/Object;Ljava/lang/Object;)V+10 java.base@26
j  java.lang.invoke.LambdaForm$MH+0x000030000115c800.invoke(Ljava/lang/Object;Ljava/lang/Object;)Ljava/lang/Object;+31 java.base@26
J 1539 c1 java.lang.invoke.Invokers$Holder.invokeExact_MT(Ljava/lang/Object;Ljava/lang/Object;Ljava/lang/Object;)Ljava/lang/Object; java.base@26 (23 bytes) @ 0x000000011c72e1dc [0x000000011c72db00+0x00000000000006dc]
j  jdk.internal.reflect.DirectMethodHandleAccessor.invokeImpl(Ljava/lang/Object;[Ljava/lang/Object;)Ljava/lang/Object;+41 java.base@26
j  jdk.internal.reflect.DirectMethodHandleAccessor.invoke(Ljava/lang/Object;[Ljava/lang/Object;)Ljava/lang/Object;+23 java.base@26
J 3171 c1 java.lang.reflect.Method.invoke(Ljava/lang/Object;[Ljava/lang/Object;)Ljava/lang/Object; java.base@26 (108 bytes) @ 0x000000011c9a8b0c [0x000000011c9a8500+0x000000000000060c]
j  org.junit.platform.commons.util.ReflectionUtils.invokeMethod(Ljava/lang/reflect/Method;Ljava/lang/Object;[Ljava/lang/Object;)Ljava/lang/Object;+42
j  org.junit.platform.commons.support.ReflectionSupport.invokeMethod(Ljava/lang/reflect/Method;Ljava/lang/Object;[Ljava/lang/Object;)Ljava/lang/Object;+3
j  org.junit.jupiter.engine.support.MethodReflectionUtils.invoke(Ljava/lang/reflect/Method;Ljava/lang/Object;[Ljava/lang/Object;)Ljava/lang/Object;+47
j  org.junit.jupiter.engine.execution.MethodInvocation.proceed()Ljava/lang/Object;+18
j  org.junit.jupiter.engine.execution.InvocationInterceptorChain$ValidatingInvocation.proceed()Ljava/lang/Object;+8
j  org.junit.jupiter.engine.extension.TimeoutExtension.intercept(Lorg/junit/jupiter/api/extension/InvocationInterceptor$Invocation;Lorg/junit/jupiter/api/extension/ReflectiveInvocationContext;Lorg/junit/jupiter/api/extension/ExtensionContext;Lorg/junit/jupiter/engine/extension/TimeoutDuration;Lorg/junit/jupiter/engine/extension/TimeoutExtension$TimeoutProvider;)Ljava/lang/Object;+53
j  org.junit.jupiter.engine.extension.TimeoutExtension.interceptTestableMethod(Lorg/junit/jupiter/api/extension/InvocationInterceptor$Invocation;Lorg/junit/jupiter/api/extension/ReflectiveInvocationContext;Lorg/junit/jupiter/api/extension/ExtensionContext;Lorg/junit/jupiter/engine/extension/TimeoutExtension$TimeoutProvider;)Ljava/lang/Object;+31
j  org.junit.jupiter.engine.extension.TimeoutExtension.interceptTestMethod(Lorg/junit/jupiter/api/extension/InvocationInterceptor$Invocation;Lorg/junit/jupiter/api/extension/ReflectiveInvocationContext;Lorg/junit/jupiter/api/extension/ExtensionContext;)V+9
j  org.junit.jupiter.engine.descriptor.TestMethodTestDescriptor$$Lambda+0x0000300001108a98.apply(Lorg/junit/jupiter/api/extension/InvocationInterceptor;Lorg/junit/jupiter/api/extension/InvocationInterceptor$Invocation;Lorg/junit/jupiter/api/extension/ReflectiveInvocationContext;Lorg/junit/jupiter/api/extension/ExtensionContext;)V+5
j  org.junit.jupiter.engine.execution.InterceptingExecutableInvoker$ReflectiveInterceptorCall.lambda$ofVoidMethod$0(Lorg/junit/jupiter/engine/execution/InterceptingExecutableInvoker$ReflectiveInterceptorCall$VoidMethodInterceptorCall;Lorg/junit/jupiter/api/extension/InvocationInterceptor;Lorg/junit/jupiter/api/extension/InvocationInterceptor$Invocation;Lorg/junit/jupiter/api/extension/ReflectiveInvocationContext;Lorg/junit/jupiter/api/extension/ExtensionContext;)Ljava/lang/Void;+6
j  org.junit.jupiter.engine.execution.InterceptingExecutableInvoker$ReflectiveInterceptorCall$$Lambda+0x0000300001155248.apply(Lorg/junit/jupiter/api/extension/InvocationInterceptor;Lorg/junit/jupiter/api/extension/InvocationInterceptor$Invocation;Lorg/junit/jupiter/api/extension/ReflectiveInvocationContext;Lorg/junit/jupiter/api/extension/ExtensionContext;)Ljava/lang/Object;+9
j  org.junit.jupiter.engine.execution.InterceptingExecutableInvoker.lambda$invoke$0(Lorg/junit/jupiter/engine/execution/InterceptingExecutableInvoker$ReflectiveInterceptorCall;Lorg/junit/jupiter/api/extension/ReflectiveInvocationContext;Lorg/junit/jupiter/api/extension/ExtensionContext;Lorg/junit/jupiter/api/extension/InvocationInterceptor;Lorg/junit/jupiter/api/extension/InvocationInterceptor$Invocation;)Ljava/lang/Object;+6
j  org.junit.jupiter.engine.execution.InterceptingExecutableInvoker$$Lambda+0x0000300001155948.apply(Lorg/junit/jupiter/api/extension/InvocationInterceptor;Lorg/junit/jupiter/api/extension/InvocationInterceptor$Invocation;)Ljava/lang/Object;+14
j  org.junit.jupiter.engine.execution.InvocationInterceptorChain$InterceptedInvocation.proceed()Ljava/lang/Object;+12
j  org.junit.jupiter.engine.execution.InvocationInterceptorChain.proceed(Lorg/junit/jupiter/api/extension/InvocationInterceptor$Invocation;)Ljava/lang/Object;+1
j  org.junit.jupiter.engine.execution.InvocationInterceptorChain.chainAndInvoke(Lorg/junit/jupiter/api/extension/InvocationInterceptor$Invocation;Lorg/junit/jupiter/engine/execution/InvocationInterceptorChain$InterceptorCall;Ljava/util/List;)Ljava/lang/Object;+24
j  org.junit.jupiter.engine.execution.InvocationInterceptorChain.invoke(Lorg/junit/jupiter/api/extension/InvocationInterceptor$Invocation;Lorg/junit/jupiter/engine/extension/ExtensionRegistry;Lorg/junit/jupiter/engine/execution/InvocationInterceptorChain$InterceptorCall;)Ljava/lang/Object;+31
j  org.junit.jupiter.engine.execution.InterceptingExecutableInvoker.invoke(Lorg/junit/jupiter/api/extension/InvocationInterceptor$Invocation;Lorg/junit/jupiter/api/extension/ReflectiveInvocationContext;Lorg/junit/jupiter/api/extension/ExtensionContext;Lorg/junit/jupiter/engine/extension/ExtensionRegistry;Lorg/junit/jupiter/engine/execution/InterceptingExecutableInvoker$ReflectiveInterceptorCall;)Ljava/lang/Object;+15
j  org.junit.jupiter.engine.execution.InterceptingExecutableInvoker.invoke(Ljava/lang/reflect/Method;Ljava/lang/Object;Lorg/junit/jupiter/api/extension/ExtensionContext;Lorg/junit/jupiter/engine/extension/ExtensionRegistry;Lorg/junit/jupiter/engine/execution/InterceptingExecutableInvoker$ReflectiveInterceptorCall;)Ljava/lang/Object;+59
j  org.junit.jupiter.engine.execution.InterceptingExecutableInvoker.invokeVoid(Ljava/lang/reflect/Method;Ljava/lang/Object;Lorg/junit/jupiter/api/extension/ExtensionContext;Lorg/junit/jupiter/engine/extension/ExtensionRegistry;Lorg/junit/jupiter/engine/execution/InterceptingExecutableInvoker$ReflectiveInterceptorCall$VoidMethodInterceptorCall;)V+11
j  org.junit.jupiter.engine.descriptor.TestMethodTestDescriptor.lambda$invokeTestMethod$0(Lorg/junit/jupiter/api/extension/ExtensionContext;Lorg/junit/jupiter/engine/execution/JupiterEngineExecutionContext;)V+28
j  org.junit.jupiter.engine.descriptor.TestMethodTestDescriptor$$Lambda+0x0000300001157c68.execute()V+12
j  org.junit.platform.engine.support.hierarchical.ThrowableCollector.execute(Lorg/junit/platform/engine/support/hierarchical/ThrowableCollector$Executable;)V+1
j  org.junit.jupiter.engine.descriptor.TestMethodTestDescriptor.invokeTestMethod(Lorg/junit/jupiter/engine/execution/JupiterEngineExecutionContext;Lorg/junit/platform/engine/support/hierarchical/Node$DynamicTestExecutor;)V+21
j  org.junit.jupiter.engine.descriptor.TestMethodTestDescriptor.execute(Lorg/junit/jupiter/engine/execution/JupiterEngineExecutionContext;Lorg/junit/platform/engine/support/hierarchical/Node$DynamicTestExecutor;)Lorg/junit/jupiter/engine/execution/JupiterEngineExecutionContext;+44
j  org.junit.jupiter.engine.descriptor.TestMethodTestDescriptor.execute(Lorg/junit/platform/engine/support/hierarchical/EngineExecutionContext;Lorg/junit/platform/engine/support/hierarchical/Node$DynamicTestExecutor;)Lorg/junit/platform/engine/support/hierarchical/EngineExecutionContext;+6
j  org.junit.platform.engine.support.hierarchical.NodeTestTask.lambda$executeRecursively$2(Lorg/junit/platform/engine/support/hierarchical/ThrowableCollector;)V+78
j  org.junit.platform.engine.support.hierarchical.NodeTestTask$$Lambda+0x000030000113cd10.execute()V+8
j  org.junit.platform.engine.support.hierarchical.ThrowableCollector.execute(Lorg/junit/platform/engine/support/hierarchical/ThrowableCollector$Executable;)V+1
j  org.junit.platform.engine.support.hierarchical.NodeTestTask.lambda$executeRecursively$1(Lorg/junit/platform/engine/support/hierarchical/ThrowableCollector;Lorg/junit/platform/engine/support/hierarchical/EngineExecutionContext;)V+13
j  org.junit.platform.engine.support.hierarchical.NodeTestTask$$Lambda+0x000030000113cae0.invoke(Lorg/junit/platform/engine/support/hierarchical/EngineExecutionContext;)V+9
j  org.junit.platform.engine.support.hierarchical.Node.around(Lorg/junit/platform/engine/support/hierarchical/EngineExecutionContext;Lorg/junit/platform/engine/support/hierarchical/Node$Invocation;)V+2
j  org.junit.platform.engine.support.hierarchical.NodeTestTask.lambda$executeRecursively$0(Lorg/junit/platform/engine/support/hierarchical/ThrowableCollector;)V+15
j  org.junit.platform.engine.support.hierarchical.NodeTestTask$$Lambda+0x000030000113c6a8.execute()V+8
j  org.junit.platform.engine.support.hierarchical.ThrowableCollector.execute(Lorg/junit/platform/engine/support/hierarchical/ThrowableCollector$Executable;)V+1
j  org.junit.platform.engine.support.hierarchical.NodeTestTask.executeRecursively()V+34
j  org.junit.platform.engine.support.hierarchical.NodeTestTask.execute()V+79
j  org.junit.platform.engine.support.hierarchical.SameThreadHierarchicalTestExecutorService$$Lambda+0x000030000113d850.accept(Ljava/lang/Object;)V+4
j  java.util.ArrayList.forEach(Ljava/util/function/Consumer;)V+46 java.base@26
j  org.junit.platform.engine.support.hierarchical.SameThreadHierarchicalTestExecutorService.invokeAll(Ljava/util/List;)V+6
j  org.junit.platform.engine.support.hierarchical.NodeTestTask.lambda$executeRecursively$2(Lorg/junit/platform/engine/support/hierarchical/ThrowableCollector;)V+115
j  org.junit.platform.engine.support.hierarchical.NodeTestTask$$Lambda+0x000030000113cd10.execute()V+8
j  org.junit.platform.engine.support.hierarchical.ThrowableCollector.execute(Lorg/junit/platform/engine/support/hierarchical/ThrowableCollector$Executable;)V+1
j  org.junit.platform.engine.support.hierarchical.NodeTestTask.lambda$executeRecursively$1(Lorg/junit/platform/engine/support/hierarchical/ThrowableCollector;Lorg/junit/platform/engine/support/hierarchical/EngineExecutionContext;)V+13
j  org.junit.platform.engine.support.hierarchical.NodeTestTask$$Lambda+0x000030000113cae0.invoke(Lorg/junit/platform/engine/support/hierarchical/EngineExecutionContext;)V+9
j  org.junit.platform.engine.support.hierarchical.Node.around(Lorg/junit/platform/engine/support/hierarchical/EngineExecutionContext;Lorg/junit/platform/engine/support/hierarchical/Node$Invocation;)V+2
j  org.junit.platform.engine.support.hierarchical.NodeTestTask.lambda$executeRecursively$0(Lorg/junit/platform/engine/support/hierarchical/ThrowableCollector;)V+15
j  org.junit.platform.engine.support.hierarchical.NodeTestTask$$Lambda+0x000030000113c6a8.execute()V+8
j  org.junit.platform.engine.support.hierarchical.ThrowableCollector.execute(Lorg/junit/platform/engine/support/hierarchical/ThrowableCollector$Executable;)V+1
j  org.junit.platform.engine.support.hierarchical.NodeTestTask.executeRecursively()V+34
j  org.junit.platform.engine.support.hierarchical.NodeTestTask.execute()V+79
j  org.junit.platform.engine.support.hierarchical.SameThreadHierarchicalTestExecutorService$$Lambda+0x000030000113d850.accept(Ljava/lang/Object;)V+4
j  java.util.ArrayList.forEach(Ljava/util/function/Consumer;)V+46 java.base@26
j  org.junit.platform.engine.support.hierarchical.SameThreadHierarchicalTestExecutorService.invokeAll(Ljava/util/List;)V+6
j  org.junit.platform.engine.support.hierarchical.NodeTestTask.lambda$executeRecursively$2(Lorg/junit/platform/engine/support/hierarchical/ThrowableCollector;)V+115
j  org.junit.platform.engine.support.hierarchical.NodeTestTask$$Lambda+0x000030000113cd10.execute()V+8
j  org.junit.platform.engine.support.hierarchical.ThrowableCollector.execute(Lorg/junit/platform/engine/support/hierarchical/ThrowableCollector$Executable;)V+1
j  org.junit.platform.engine.support.hierarchical.NodeTestTask.lambda$executeRecursively$1(Lorg/junit/platform/engine/support/hierarchical/ThrowableCollector;Lorg/junit/platform/engine/support/hierarchical/EngineExecutionContext;)V+13
j  org.junit.platform.engine.support.hierarchical.NodeTestTask$$Lambda+0x000030000113cae0.invoke(Lorg/junit/platform/engine/support/hierarchical/EngineExecutionContext;)V+9
j  org.junit.platform.engine.support.hierarchical.Node.around(Lorg/junit/platform/engine/support/hierarchical/EngineExecutionContext;Lorg/junit/platform/engine/support/hierarchical/Node$Invocation;)V+2
j  org.junit.platform.engine.support.hierarchical.NodeTestTask.lambda$executeRecursively$0(Lorg/junit/platform/engine/support/hierarchical/ThrowableCollector;)V+15
j  org.junit.platform.engine.support.hierarchical.NodeTestTask$$Lambda+0x000030000113c6a8.execute()V+8
j  org.junit.platform.engine.support.hierarchical.ThrowableCollector.execute(Lorg/junit/platform/engine/support/hierarchical/ThrowableCollector$Executable;)V+1
j  org.junit.platform.engine.support.hierarchical.NodeTestTask.executeRecursively()V+34
j  org.junit.platform.engine.support.hierarchical.NodeTestTask.execute()V+79
j  org.junit.platform.engine.support.hierarchical.SameThreadHierarchicalTestExecutorService.submit(Lorg/junit/platform/engine/support/hierarchical/HierarchicalTestExecutorService$TestTask;)Ljava/util/concurrent/Future;+1
j  org.junit.platform.engine.support.hierarchical.HierarchicalTestExecutor.execute()Ljava/util/concurrent/Future;+8
j  org.junit.platform.engine.support.hierarchical.HierarchicalTestEngine.execute(Lorg/junit/platform/engine/ExecutionRequest;)V+31
j  org.junit.platform.launcher.core.EngineExecutionOrchestrator.executeEngine(Lorg/junit/platform/engine/TestDescriptor;Lorg/junit/platform/engine/EngineExecutionListener;Lorg/junit/platform/engine/ConfigurationParameters;Lorg/junit/platform/engine/TestEngine;Lorg/junit/platform/engine/OutputDirectoryCreator;Lorg/junit/platform/launcher/core/DiscoveryIssueNotifier;Lorg/junit/platform/engine/support/store/NamespacedHierarchicalStore;Lorg/junit/platform/engine/CancellationToken;)V+26
j  org.junit.platform.launcher.core.EngineExecutionOrchestrator.failOrExecuteEngine(Lorg/junit/platform/launcher/core/LauncherDiscoveryResult;Lorg/junit/platform/engine/EngineExecutionListener;Lorg/junit/platform/engine/TestEngine;Lorg/junit/platform/engine/support/store/NamespacedHierarchicalStore;Lorg/junit/platform/engine/CancellationToken;)V+177
j  org.junit.platform.launcher.core.EngineExecutionOrchestrator.execute(Lorg/junit/platform/launcher/core/LauncherDiscoveryResult;Lorg/junit/platform/engine/EngineExecutionListener;Lorg/junit/platform/engine/support/store/NamespacedHierarchicalStore;Lorg/junit/platform/engine/CancellationToken;)V+70
j  org.junit.platform.launcher.core.EngineExecutionOrchestrator.execute(Lorg/junit/platform/launcher/core/InternalTestPlan;Lorg/junit/platform/engine/EngineExecutionListener;Lorg/junit/platform/launcher/TestExecutionListener;Lorg/junit/platform/engine/support/store/NamespacedHierarchicalStore;Lorg/junit/platform/engine/CancellationToken;)V+59
j  org.junit.platform.launcher.core.EngineExecutionOrchestrator.lambda$execute$0(Lorg/junit/platform/launcher/core/InternalTestPlan;Lorg/junit/platform/engine/support/store/NamespacedHierarchicalStore;Lorg/junit/platform/engine/CancellationToken;Lorg/junit/platform/launcher/TestExecutionListener;)V+9
j  org.junit.platform.launcher.core.EngineExecutionOrchestrator$$Lambda+0x000030000111ec88.accept(Ljava/lang/Object;)V+20
j  org.junit.platform.launcher.core.EngineExecutionOrchestrator.withInterceptedStreams(Lorg/junit/platform/engine/ConfigurationParameters;Lorg/junit/platform/launcher/core/ListenerRegistry;Ljava/util/function/Consumer;)V+51
j  org.junit.platform.launcher.core.EngineExecutionOrchestrator.execute(Lorg/junit/platform/launcher/core/InternalTestPlan;Lorg/junit/platform/engine/support/store/NamespacedHierarchicalStore;Ljava/util/Collection;Lorg/junit/platform/engine/CancellationToken;)V+28
j  org.junit.platform.launcher.core.DefaultLauncher.execute(Lorg/junit/platform/launcher/core/InternalTestPlan;Ljava/util/Collection;Lorg/junit/platform/engine/CancellationToken;)V+15
j  org.junit.platform.launcher.core.DefaultLauncher.execute(Lorg/junit/platform/launcher/LauncherExecutionRequest;)V+49
j  org.junit.platform.launcher.core.DelegatingLauncher.execute(Lorg/junit/platform/launcher/LauncherExecutionRequest;)V+12
j  org.junit.platform.launcher.core.InterceptingLauncher.lambda$execute$2(Lorg/junit/platform/launcher/LauncherExecutionRequest;)Ljava/lang/Object;+2
j  org.junit.platform.launcher.core.InterceptingLauncher$$Lambda+0x000030000111e5e0.proceed()Ljava/lang/Object;+8
j  org.junit.platform.launcher.core.ClasspathAlignmentCheckingLauncherInterceptor.intercept(Lorg/junit/platform/launcher/LauncherInterceptor$Invocation;)Ljava/lang/Object;+1
j  org.junit.platform.launcher.core.InterceptingLauncher.execute(Lorg/junit/platform/launcher/LauncherExecutionRequest;)V+18
j  org.junit.platform.launcher.core.DelegatingLauncher.execute(Lorg/junit/platform/launcher/LauncherExecutionRequest;)V+12
j  java.lang.invoke.LambdaForm$DMH+0x00003000010c8400.invokeInterface(Ljava/lang/Object;Ljava/lang/Object;Ljava/lang/Object;)V+24 java.base@26
j  java.lang.invoke.LambdaForm$MH+0x0000300001121800.invoke(Ljava/lang/Object;Ljava/lang/Object;Ljava/lang/Object;)Ljava/lang/Object;+52 java.base@26
j  java.lang.invoke.Invokers$Holder.invokeExact_MT(Ljava/lang/Object;Ljava/lang/Object;Ljava/lang/Object;Ljava/lang/Object;)Ljava/lang/Object;+20 java.base@26
j  jdk.internal.reflect.DirectMethodHandleAccessor.invokeImpl(Ljava/lang/Object;[Ljava/lang/Object;)Ljava/lang/Object;+55 java.base@26
j  jdk.internal.reflect.DirectMethodHandleAccessor.invoke(Ljava/lang/Object;[Ljava/lang/Object;)Ljava/lang/Object;+23 java.base@26
j  java.lang.reflect.Method.invoke(Ljava/lang/Object;[Ljava/lang/Object;)Ljava/lang/Object;+102 java.base@26
j  org.apache.maven.surefire.api.util.ReflectionUtils.invokeMethodWithArray(Ljava/lang/Object;Ljava/lang/reflect/Method;[Ljava/lang/Object;)Ljava/lang/Object;+3
j  org.apache.maven.surefire.junitplatform.LauncherAdapter.executeWithCancellationToken(Lorg/junit/platform/launcher/LauncherDiscoveryRequest;[Lorg/junit/platform/launcher/TestExecutionListener;)V+32
j  org.apache.maven.surefire.junitplatform.LauncherAdapter.execute(Lorg/junit/platform/launcher/LauncherDiscoveryRequest;[Lorg/junit/platform/launcher/TestExecutionListener;)V+19
j  org.apache.maven.surefire.junitplatform.JUnitPlatformProvider.execute(Lorg/apache/maven/surefire/junitplatform/LauncherAdapter;Lorg/apache/maven/surefire/api/util/TestsToRun;Lorg/apache/maven/surefire/junitplatform/RunListenerAdapter;)V+61
j  org.apache.maven.surefire.junitplatform.JUnitPlatformProvider.invokeAllTests(Lorg/apache/maven/surefire/junitplatform/LauncherAdapter;Lorg/apache/maven/surefire/api/util/TestsToRun;Lorg/apache/maven/surefire/junitplatform/RunListenerAdapter;)V+36
j  org.apache.maven.surefire.junitplatform.JUnitPlatformProvider.invoke(Ljava/lang/Object;)Lorg/apache/maven/surefire/api/suite/RunResult;+144
j  org.apache.maven.surefire.booter.ForkedBooter.runSuitesInProcess()V+8
j  org.apache.maven.surefire.booter.ForkedBooter.execute()V+1
j  org.apache.maven.surefire.booter.ForkedBooter.run(Lorg/apache/maven/surefire/booter/ForkedBooter;[Ljava/lang/String;)V+27
j  org.apache.maven.surefire.booter.ForkedBooter.main([Ljava/lang/String;)V+10
v  ~StubRoutines::Stub Generator call_stub_stub 0x000000012398c454

siginfo: si_signo: 11 (SIGSEGV), si_code: 2 (SEGV_ACCERR), si_addr: 0x0000000000000010

Registers:
 x0=0x0000000000000010  x1=0x000000013601bfe8  x2=0x0000000000000000  x3=0x0000000000000000
 x4=0x000000016bf2ebe0  x5=0x0000000795363fc8  x6=0x0000000000000000  x7=0x0000000104859130
 x8=0x0000000000000000  x9=0x0000000000000008 x10=0x0000000000000000 x11=0x000000000000000c
x12=0x0000000000000008 x13=0x0000000797d1c000 x14=0x0000000000000000 x15=0x0000000000000012
x16=0x000000018376ef10 x17=0x0000000306d2a718 x18=0x0000000000000000 x19=0x0000000000000000
x20=0x000000011211b114 x21=0x0000000795363fd8 x22=0x0000000000000004 x23=0x0000000136018000
x24=0x000000016bf2ebe0 x25=0x000000013601bfe0 x26=0x0000000000000001 x27=0x0000000000000000
x28=0x0000000000000003  fp=0x000000016bf2ea60  lr=0x000000011211b144  sp=0x000000016bf2ea50
pc=0x000000018376efa4 cpsr=0x0000000060001000

Register to memory mapping:

x0 =0x0000000000000010 is an unknown value
x1 =0x000000013601bfe8 points into unknown readable memory: 0x92f312f414f392f1 | f1 92 f3 14 f4 12 f3 92
x2 =0x0 is null
x3 =0x0 is null
x4 =0x000000016bf2ebe0 is pointing into the stack for thread: 0x0000000104859130
x5 =0x0000000795363fc8 points into unknown readable memory: 0x0000000000000000 | 00 00 00 00 00 00 00 00
x6 =0x0 is null
x7 =0x0000000104859130 is a thread
x8 =0x0 is null
x9 =0x0000000000000008 is an unknown value
x10=0x0 is null
x11=0x000000000000000c is an unknown value
x12=0x0000000000000008 is an unknown value
x13=0x0000000797d1c000 points into unknown readable memory: 0x0000000000000000 | 00 00 00 00 00 00 00 00
x14=0x0 is null
x15=0x0000000000000012 is an unknown value
x16=0x000000018376ef10: _platform_memcmp+0 in /usr/lib/system/libsystem_platform.dylib at 0x000000018376e000
x17=0x0000000306d2a718 is an oop: java.lang.Class 
{0x0000000306d2a718} - klass: 'java/lang/Class' - flags: 

 - ---- fields (total size 52 words):
 - private volatile transient 'classRedefinedCount' 'I' @12  0 (0x00000000)
 - injected 'klass' 'J' @16  52776578025168 (0x00003000012f86d0)
 - injected 'array_klass' 'J' @24  0 (0x0000000000000000)
 - injected 'oop_size' 'I' @32  52 (0x00000034)
 - injected 'static_oop_field_count' 'I' @36  2 (0x00000002)
 - private final transient 'modifiers' 'C' @40    1 (0x0001)
 - private final transient 'classFileAccessFlags' 'C' @42  ! 33 (0x0021)
 - private final transient 'primitive' 'Z' @44  false (0x00)
 - private volatile transient 'cachedConstructor' 'Ljava/lang/reflect/Constructor;' @48  null (0x00000000)
 - private transient 'name' 'Ljava/lang/String;' @52  "org.lwjgl.util.lmdb.LMDB"{0x0000000306d2a900} (0x60da5520)
 - private transient 'module' 'Ljava/lang/Module;' @56  a 'java/lang/Module'{0x0000000300844240} (0x60108848)
 - private final 'classLoader' 'Ljava/lang/ClassLoader;' @60  a 'jdk/internal/loader/ClassLoaders$AppClassLoader'{0x00000003008441d8} (0x6010883b)
 - private transient 'classData' 'Ljava/lang/Object;' @64  null (0x00000000)
 - private transient 'signers' '[Ljava/lang/Object;' @68  null (0x00000000)
 - private transient 'packageName' 'Ljava/lang/String;' @72  "org.lwjgl.util.lmdb"{0x0000000306d1a258} (0x60da344b)
 - private final transient 'componentType' 'Ljava/lang/Class;' @76  null (0x00000000)
 - private final transient 'protectionDomain' 'Ljava/security/ProtectionDomain;' @80  a 'java/security/ProtectionDomain'{0x0000000306d2a518} (0x60da54a3)
 - private volatile transient 'reflectionData' 'Ljava/lang/ref/SoftReference;' @84  null (0x00000000)
 - private volatile transient 'genericInfo' 'Lsun/reflect/generics/repository/ClassRepository;' @88  null (0x00000000)
 - private volatile transient 'enumConstants' '[Ljava/lang/Object;' @92  null (0x00000000)
 - private volatile transient 'enumConstantDirectory' 'Ljava/util/Map;' @96  null (0x00000000)
 - private volatile transient 'annotationData' 'Ljava/lang/Class$AnnotationData;' @100  null (0x00000000)
 - private volatile transient 'annotationType' 'Lsun/reflect/annotation/AnnotationType;' @104  null (0x00000000)
 - transient 'classValueMap' 'Ljava/lang/ClassValue$ClassValueMap;' @108  null (0x00000000)
 - injected 'source_file' 'Ljava/lang/Object;' @112  null (0x00000000)
 - injected '<init_lock>' 'Ljava/lang/Object;' @116  null (0x00000000)
 - signature: Lorg/lwjgl/util/lmdb/LMDB;
 - ---- static fields (2):
 - public static final 'MDB_VERSION_MAJOR' 'I' @128  0 (0x00000000)
 - public static final 'MDB_VERSION_MINOR' 'I' @132  9 (0x00000009)
 - public static final 'MDB_VERSION_PATCH' 'I' @136  33 (0x00000021)
 - public static final 'MDB_VERSION_FULL' 'I' @140  589857 (0x00090021)
 - public static final 'MDB_VERSION_DATE' 'Ljava/lang/String;' @120  "May 21, 2024"{0x0000000306d2a8c8} (0x60da5519)
 - public static final 'MDB_VERSION_STRING' 'Ljava/lang/String;' @124  "LMDB 0.9.33: (May 21, 2024)"{0x0000000306db0418} (0x60db6083)
 - public static final 'MDB_FIXEDMAP' 'I' @144  1 (0x00000001)
 - public static final 'MDB_NOSUBDIR' 'I' @148  16384 (0x00004000)
 - public static final 'MDB_NOSYNC' 'I' @152  65536 (0x00010000)
 - public static final 'MDB_RDONLY' 'I' @156  131072 (0x00020000)
 - public static final 'MDB_NOMETASYNC' 'I' @160  262144 (0x00040000)
 - public static final 'MDB_WRITEMAP' 'I' @164  524288 (0x00080000)
 - public static final 'MDB_MAPASYNC' 'I' @168  1048576 (0x00100000)
 - public static final 'MDB_NOTLS' 'I' @172  2097152 (0x00200000)
 - public static final 'MDB_NOLOCK' 'I' @176  4194304 (0x00400000)
 - public static final 'MDB_NORDAHEAD' 'I' @180  8388608 (0x00800000)
 - public static final 'MDB_NOMEMINIT' 'I' @184  16777216 (0x01000000)
 - public static final 'MDB_REVERSEKEY' 'I' @188  2 (0x00000002)
 - public static final 'MDB_DUPSORT' 'I' @192  4 (0x00000004)
 - public static final 'MDB_INTEGERKEY' 'I' @196  8 (0x00000008)
 - public static final 'MDB_DUPFIXED' 'I' @200  16 (0x00000010)
 - public static final 'MDB_INTEGERDUP' 'I' @204  32 (0x00000020)
 - public static final 'MDB_REVERSEDUP' 'I' @208  64 (0x00000040)
 - public static final 'MDB_CREATE' 'I' @212  262144 (0x00040000)
 - public static final 'MDB_NOOVERWRITE' 'I' @216  16 (0x00000010)
 - public static final 'MDB_NODUPDATA' 'I' @220  32 (0x00000020)
 - public static final 'MDB_CURRENT' 'I' @224  64 (0x00000040)
 - public static final 'MDB_RESERVE' 'I' @228  65536 (0x00010000)
 - public static final 'MDB_APPEND' 'I' @232  131072 (0x00020000)
 - public static final 'MDB_APPENDDUP' 'I' @236  262144 (0x00040000)
 - public static final 'MDB_MULTIPLE' 'I' @240  524288 (0x00080000)
 - public static final 'MDB_CP_COMPACT' 'I' @244  1 (0x00000001)
 - public static final 'MDB_FIRST' 'I' @248  0 (0x00000000)
 - public static final 'MDB_FIRST_DUP' 'I' @252  1 (0x00000001)
 - public static final 'MDB_GET_BOTH' 'I' @256  2 (0x00000002)
 - public static final 'MDB_GET_BOTH_RANGE' 'I' @260  3 (0x00000003)
 - public static final 'MDB_GET_CURRENT' 'I' @264  4 (0x00000004)
 - public static final 'MDB_GET_MULTIPLE' 'I' @268  5 (0x00000005)
 - public static final 'MDB_LAST' 'I' @272  6 (0x00000006)
 - public static final 'MDB_LAST_DUP' 'I' @276  7 (0x00000007)
 - public static final 'MDB_NEXT' 'I' @280  8 (0x00000008)
 - public static final 'MDB_NEXT_DUP' 'I' @284  9 (0x00000009)
 - public static final 'MDB_NEXT_MULTIPLE' 'I' @288  10 (0x0000000a)
 - public static final 'MDB_NEXT_NODUP' 'I' @292  11 (0x0000000b)
 - public static final 'MDB_PREV' 'I' @296  12 (0x0000000c)
 - public static final 'MDB_PREV_DUP' 'I' @300  13 (0x0000000d)
 - public static final 'MDB_PREV_NODUP' 'I' @304  14 (0x0000000e)
 - public static final 'MDB_SET' 'I' @308  15 (0x0000000f)
 - public static final 'MDB_SET_KEY' 'I' @312  16 (0x00000010)
 - public static final 'MDB_SET_RANGE' 'I' @316  17 (0x00000011)
 - public static final 'MDB_PREV_MULTIPLE' 'I' @320  18 (0x00000012)
 - public static final 'MDB_SUCCESS' 'I' @324  0 (0x00000000)
 - public static final 'MDB_KEYEXIST' 'I' @328  -30799 (0xffff87b1)
 - public static final 'MDB_NOTFOUND' 'I' @332  -30798 (0xffff87b2)
 - public static final 'MDB_PAGE_NOTFOUND' 'I' @336  -30797 (0xffff87b3)
 - public static final 'MDB_CORRUPTED' 'I' @340  -30796 (0xffff87b4)
 - public static final 'MDB_PANIC' 'I' @344  -30795 (0xffff87b5)
 - public static final 'MDB_VERSION_MISMATCH' 'I' @348  -30794 (0xffff87b6)
 - public static final 'MDB_INVALID' 'I' @352  -30793 (0xffff87b7)
 - public static final 'MDB_MAP_FULL' 'I' @356  -30792 (0xffff87b8)
 - public static final 'MDB_DBS_FULL' 'I' @360  -30791 (0xffff87b9)
 - public static final 'MDB_READERS_FULL' 'I' @364  -30790 (0xffff87ba)
 - public static final 'MDB_TLS_FULL' 'I' @368  -30789 (0xffff87bb)
 - public static final 'MDB_TXN_FULL' 'I' @372  -30788 (0xffff87bc)
 - public static final 'MDB_CURSOR_FULL' 'I' @376  -30787 (0xffff87bd)
 - public static final 'MDB_PAGE_FULL' 'I' @380  -30786 (0xffff87be)
 - public static final 'MDB_MAP_RESIZED' 'I' @384  -30785 (0xffff87bf)
 - public static final 'MDB_INCOMPATIBLE' 'I' @388  -30784 (0xffff87c0)
 - public static final 'MDB_BAD_RSLOT' 'I' @392  -30783 (0xffff87c1)
 - public static final 'MDB_BAD_TXN' 'I' @396  -30782 (0xffff87c2)
 - public static final 'MDB_BAD_VALSIZE' 'I' @400  -30781 (0xffff87c3)
 - public static final 'MDB_BAD_DBI' 'I' @404  -30780 (0xffff87c4)
 - public static final 'MDB_LAST_ERRCODE' 'I' @408  -30780 (0xffff87c4)
x18=0x0 is null
x19=0x0 is null
x20=0x000000011211b114: <offset 0xf114> in /private/var/folders/0m/x3jzy4t15djd88znchzzx1_h0000gn/T/lwjgl_havardottestad/3.3.6+1/arm64/liblwjgl_lmdb.dylib at 0x000000011210c000
x21=0x0000000795363fd8 points into unknown readable memory: 0x0000000000000008 | 08 00 00 00 00 00 00 00
x22=0x0000000000000004 is an unknown value
x23=0x0000000136018000 points into unknown readable memory: 0x0000000000000006 | 06 00 00 00 00 00 00 00
x24=0x000000016bf2ebe0 is pointing into the stack for thread: 0x0000000104859130
x25=0x000000013601bfe0 points into unknown readable memory: 0x0008000000000000 | 00 00 00 00 00 00 08 00
x26=0x0000000000000001 is an unknown value
x27=0x0 is null
x28=0x0000000000000003 is an unknown value
 fp=0x000000016bf2ea60 is pointing into the stack for thread: 0x0000000104859130
 lr=0x000000011211b144: <offset 0xf144> in /private/var/folders/0m/x3jzy4t15djd88znchzzx1_h0000gn/T/lwjgl_havardottestad/3.3.6+1/arm64/liblwjgl_lmdb.dylib at 0x000000011210c000
 sp=0x000000016bf2ea50 is pointing into the stack for thread: 0x0000000104859130

Top of Stack: (sp=0x000000016bf2ea50)
0x000000016bf2ea50:   000000011211b114 000000016bf2ee78   ........x..k....
0x000000016bf2ea60:   000000016bf2eae0 000000011211899c   ...k............
0x000000016bf2ea70:   000000040063e798 00000008ffffffee   ..c.............
0x000000016bf2ea80:   0000000000000008 000000013601bfe8   ...........6....
0x000000016bf2ea90:   0000000000000000 00000001048656a0   .........V......
0x000000016bf2eaa0:   00000001332871f0 0000000136018000   .q(3.......6....
0x000000016bf2eab0:   000000016bf2ebe0 0000000000000000   ...k............
0x000000016bf2eac0:   000000016bf2ee78 000000016bf2ebb0   x..k.......k....
0x000000016bf2ead0:   000000000000000f 0000000795363fd8   .........?6.....
0x000000016bf2eae0:   000000016bf2eb40 000000011211811c   @..k............
0x000000016bf2eaf0:   0000000000000000 000000016bf2eb30   ........0..k....
0x000000016bf2eb00:   00000001332871f0 0000000306f28d98   .q(3............
0x000000016bf2eb10:   000000016bf2f128 0000000000000000   (..k............
0x000000016bf2eb20:   0000000795363fd8 0000000795363fc8   .?6......?6.....
0x000000016bf2eb30:   0000000795363fd8 000000016bf2ee78   .?6.....x..k....
0x000000016bf2eb40:   000000016bf2ec70 0000000112111668   p..k....h.......
0x000000016bf2eb50:   0000000000000400 00000000ffffffff   ................
0x000000016bf2eb60:   000000016bf2eb90 0000000112b69efc   ...k............
0x000000016bf2eb70:   0000000000000001 0000000113025697   .........V......
0x000000016bf2eb80:   0000000000000001 000000016bf2ed70   ........p..k....
0x000000016bf2eb90:   000000016bf2ec30 000000011289051c   0..k............
0x000000016bf2eba0:   000000000000000b 0000300000499308   ..........I..0..
0x000000016bf2ebb0:   000000016bf2edc0 0000000000000000   ...k............
0x000000016bf2ebc0:   000000016bf2edb0 0000000104859130   ...k....0.......
0x000000016bf2ebd0:   000000016bf2ecb0 00000001128a08ec   ...k............
0x000000016bf2ebe0:   0000000100000000 ffffffff00000018   ................
0x000000016bf2ebf0:   0000000000000000 0000000104859e30   ........0.......
0x000000016bf2ec00:   0000000000000400 00000000ffffffff   ................
0x000000016bf2ec10:   000000016bf2edc8 000000016bf2edc8   ...k.......k....
0x000000016bf2ec20:   0000000104859130 0000000000000000   0...............
0x000000016bf2ec30:   00000001332871f0 0000000306f28d98   .q(3............
0x000000016bf2ec40:   000000016bf2f128 0000000000000010   (..k............

Instructions: (pc=0x000000018376efa4)
  0x000000018376eea4:   e3 f9 ff 10 63 04 c1 3c 63 00 01 cb 62 00 c0 3d
  0x000000018376eeb4:   00 1c a2 4e 04 00 00 14 1f 20 03 d5 00 0c c1 3c
  0x000000018376eec4:   00 84 21 6e 02 a8 31 6e 43 00 26 1e 83 ff ff 35
  0x000000018376eed4:   21 1c 21 6e 00 34 21 6e 00 1c a3 4e 00 a8 31 6e
  0x000000018376eee4:   03 00 26 1e 00 00 03 8b c0 03 5f d6 00 00 00 00
  0x000000018376eef4:   00 00 00 00 00 00 00 00 00 00 00 00 00 01 02 03
  0x000000018376ef04:   04 05 06 07 08 09 0a 0b 0c 0d 0e 0f 42 40 00 f1
  0x000000018376ef14:   43 04 00 54 00 02 00 54 04 00 02 8b 25 00 02 8b
  0x000000018376ef24:   1f 20 03 d5 1f 20 03 d5 1f 20 03 d5 00 04 c1 3c
  0x000000018376ef34:   21 04 c1 3c 01 8c 21 6e 20 a8 31 6e 03 00 26 1e
  0x000000018376ef44:   a3 01 00 34 42 40 00 f1 28 ff ff 54 e0 03 04 aa
  0x000000018376ef54:   e1 03 05 aa 00 04 c1 3c 21 04 c1 3c 01 8c 21 6e
  0x000000018376ef64:   20 a8 31 6e 03 00 26 1e 63 00 00 34 00 00 00 ca
  0x000000018376ef74:   c0 03 5f d6 40 fc ff 9c 21 1c a0 4e 21 a8 31 6e
  0x000000018376ef84:   23 00 26 1e 63 40 00 d1 00 68 63 38 21 68 63 38
  0x000000018376ef94:   00 00 01 cb c0 03 5f d6 42 20 00 b1 c3 00 00 54
=>0x000000018376efa4:   04 84 40 f8 25 84 40 f8 83 00 05 eb 81 01 00 54
  0x000000018376efb4:   42 20 00 d1 42 10 00 b1 c3 00 00 54 04 44 40 b8
  0x000000018376efc4:   25 44 40 b8 83 00 05 eb a1 00 00 54 14 00 00 14
  0x000000018376efd4:   42 10 00 91 63 00 03 ca 11 00 00 14 63 0c c0 da
  0x000000018376efe4:   63 10 c0 da 63 f0 7d 92 84 24 c3 9a a5 24 c3 9a
  0x000000018376eff4:   84 1c 00 53 a5 1c 00 53 80 00 05 cb c0 03 5f d6
  0x000000018376f004:   1f 20 03 d5 1f 20 03 d5 1f 20 03 d5 04 14 40 38
  0x000000018376f014:   25 14 40 38 83 00 05 eb 61 00 00 54 42 04 00 f1
  0x000000018376f024:   62 ff ff 54 e0 03 03 aa c0 03 5f d6 a8 52 36 b0
  0x000000018376f034:   08 21 01 91 08 01 40 39 1f 01 1e 72 30 00 00 b0
  0x000000018376f044:   10 62 30 91 f0 23 c1 da e8 03 10 aa 30 00 00 b0
  0x000000018376f054:   10 22 32 91 f0 23 c1 da 00 02 88 9a c0 03 5f d6
  0x000000018376f064:   7f 23 03 d5 f6 57 bd a9 f4 4f 01 a9 fd 7b 02 a9
  0x000000018376f074:   fd 83 00 91 f6 03 02 aa f5 03 01 aa f4 03 00 aa
  0x000000018376f084:   e0 03 01 aa 8e fe ff 97 f3 03 00 aa 1f 00 16 eb
  0x000000018376f094:   c2 00 00 54 62 06 00 91 e0 03 14 aa e1 03 15 aa


Stack slot to memory mapping:

stack at sp + 0 slots: 0x000000011211b114: <offset 0xf114> in /private/var/folders/0m/x3jzy4t15djd88znchzzx1_h0000gn/T/lwjgl_havardottestad/3.3.6+1/arm64/liblwjgl_lmdb.dylib at 0x000000011210c000
stack at sp + 1 slots: 0x000000016bf2ee78 is pointing into the stack for thread: 0x0000000104859130
stack at sp + 2 slots: 0x000000016bf2eae0 is pointing into the stack for thread: 0x0000000104859130
stack at sp + 3 slots: 0x000000011211899c: <offset 0xc99c> in /private/var/folders/0m/x3jzy4t15djd88znchzzx1_h0000gn/T/lwjgl_havardottestad/3.3.6+1/arm64/liblwjgl_lmdb.dylib at 0x000000011210c000
stack at sp + 4 slots: 0x000000040063e798 is an oop: java.lang.Class 
{0x000000040063e798} - klass: 'java/lang/Class' - flags: 

 - ---- fields (total size 16 words):
 - private volatile transient 'classRedefinedCount' 'I' @12  0 (0x00000000)
 - injected 'klass' 'J' @16  52776559721024 (0x0000300000183a40)
 - injected 'array_klass' 'J' @24  52776559724248 (0x00003000001846d8)
 - injected 'oop_size' 'I' @32  16 (0x00000010)
 - injected 'static_oop_field_count' 'I' @36  1 (0x00000001)
 - private final transient 'modifiers' 'C' @40   1025 (0x0401)
 - private final transient 'classFileAccessFlags' 'C' @42  ! 1057 (0x0421)
 - private final transient 'primitive' 'Z' @44  false (0x00)
 - private volatile transient 'cachedConstructor' 'Ljava/lang/reflect/Constructor;' @48  null (0x00000000)
 - private transient 'name' 'Ljava/lang/String;' @52  "java.lang.ClassLoader"{0x0000000300c25640} (0x60184ac8)
 - private transient 'module' 'Ljava/lang/Module;' @56  a 'java/lang/Module'{0x000000030085ddd8} (0x6010bbbb)
 - private final 'classLoader' 'Ljava/lang/ClassLoader;' @60  null (0x00000000)
 - private transient 'classData' 'Ljava/lang/Object;' @64  null (0x00000000)
 - private transient 'signers' '[Ljava/lang/Object;' @68  null (0x00000000)
 - private transient 'packageName' 'Ljava/lang/String;' @72  "java.lang"{0x0000000400606800} (0x800c0d00)
 - private final transient 'componentType' 'Ljava/lang/Class;' @76  null (0x00000000)
 - private final transient 'protectionDomain' 'Ljava/security/ProtectionDomain;' @80  null (0x00000000)
 - private volatile transient 'reflectionData' 'Ljava/lang/ref/SoftReference;' @84  null (0x00000000)
 - private volatile transient 'genericInfo' 'Lsun/reflect/generics/repository/ClassRepository;' @88  null (0x00000000)
 - private volatile transient 'enumConstants' '[Ljava/lang/Object;' @92  null (0x00000000)
 - private volatile transient 'enumConstantDirectory' 'Ljava/util/Map;' @96  null (0x00000000)
 - private volatile transient 'annotationData' 'Ljava/lang/Class$AnnotationData;' @100  null (0x00000000)
 - private volatile transient 'annotationType' 'Lsun/reflect/annotation/AnnotationType;' @104  null (0x00000000)
 - transient 'classValueMap' 'Ljava/lang/ClassValue$ClassValueMap;' @108  null (0x00000000)
 - injected 'source_file' 'Ljava/lang/Object;' @112  null (0x00000000)
 - injected '<init_lock>' 'Ljava/lang/Object;' @116  null (0x00000000)
 - signature: Ljava/lang/ClassLoader;
 - ---- static fields (1):
 - private static final 'nocerts' '[Ljava/security/cert/Certificate;' @120  a 'java/security/cert/Certificate'[0] {0x000000030087b230} (0x6010f646)
 - static final synthetic '$assertionsDisabled' 'Z' @124  true (0x01)
stack at sp + 5 slots: 0x00000008ffffffee is an unknown value
stack at sp + 6 slots: 0x0000000000000008 is an unknown value
stack at sp + 7 slots: 0x000000013601bfe8 points into unknown readable memory: 0x92f312f414f392f1 | f1 92 f3 14 f4 12 f3 92

Lock stack of current Java thread (top to bottom):


Compiled method (c1) 1317 1539       3       java.lang.invoke.Invokers$Holder::invokeExact_MT (23 bytes)
 total in heap  [0x000000011c72da08,0x000000011c72e3f8] = 2544
 main code      [0x000000011c72db00,0x000000011c72e370] = 2160
 stub code      [0x000000011c72e370,0x000000011c72e3f8] = 136
 mutable data [0x00000007967fc180,0x00000007967fc2c8] = 328
 relocation     [0x00000007967fc180,0x00000007967fc258] = 216
 metadata       [0x00000007967fc258,0x00000007967fc2c8] = 112
 immutable data [0x00000007967e3100,0x00000007967e32ac] = 428
 dependencies   [0x00000007967e3100,0x00000007967e3110] = 16
 nul chk table  [0x00000007967e3110,0x00000007967e3130] = 32
 scopes pcs     [0x00000007967e3130,0x00000007967e3210] = 224
 scopes data    [0x00000007967e3210,0x00000007967e32a8] = 152

[Constant Pool (empty)]


Loading hsdis library failed, undisassembled code is shown in MachCode section
[MachCode]
[Verified Entry Point]
  # {method} {0x00003000002119b0} 'invokeExact_MT' '(Ljava/lang/Object;Ljava/lang/Object;Ljava/lang/Object;)Ljava/lang/Object;' in 'java/lang/invoke/Invokers$Holder'
  # parm0:    c_rarg1:c_rarg1 
                        = 'java/lang/Object'
  # parm1:    c_rarg2:c_rarg2 
                        = 'java/lang/Object'
  # parm2:    c_rarg3:c_rarg3 
                        = 'java/lang/Object'
  #           [sp+0x60]  (sp of caller)
  0x000000011c72db00: 1f20 03d5 | e953 40d1 | 3f01 00f9 | ff83 01d1 | fd7b 05a9 | 2801 0018 | 8923 40b9 | 1f01 09eb 
  0x000000011c72db20: e000 0054 

  0x000000011c72db24: ;   {runtime_call Stub::Stub Generator method_entry_barrier_stub}
  0x000000011c72db24: 08a8 80d2 | a873 a4f2 | 2800 c0f2 | 0001 3fd6 | 0200 0014 | 0300 0000 | fd03 02aa 

  0x000000011c72db40: ;   {metadata(method data for {method} {0x00003000002119b0} 'invokeExact_MT' '(Ljava/lang/Object;Ljava/lang/Object;Ljava/lang/Object;)Ljava/lang/Object;' in 'java/lang/invoke/Invokers$Holder')}
  0x000000011c72db40: 00b3 93d2 | c045 a6f2 | 2000 c0f2 | 0040 0991 | e203 01aa | a200 00b5 | 0900 40f9 | 2901 40b2 
  0x000000011c72db60: 0900 00f9 | 1600 0014 | 4208 40b9 | 4204 54d2 | 0900 40f9 | 4200 09ca | 48f4 7e92 | 0802 00b4 
  0x000000011c72db80: e201 0837 | a901 00b4 | 3f05 00f1 | 6001 0054 | bf39 03d5 | 4200 09ca | 0900 40f9 | 4200 09ca 
  0x000000011c72dba0: 48f4 7e92 | c800 00b4 | 0900 40f9 | 2901 7fb2 | 0900 00f9 | 0200 0014 | 0200 00f9 | e203 1daa 
  0x000000011c72dbc0: a200 00b5 | 0908 40f9 | 2901 40b2 | 0908 00f9 | 1600 0014 | 4208 40b9 | 4204 54d2 | 0908 40f9 
  0x000000011c72dbe0: 4200 09ca | 48f4 7e92 | 0802 00b4 | e201 0837 | a901 00b4 | 3f05 00f1 | 6001 0054 | bf39 03d5 
  0x000000011c72dc00: 4200 09ca | 0908 40f9 | 4200 09ca | 48f4 7e92 | c800 00b4 | 0908 40f9 | 2901 7fb2 | 0908 00f9 
  0x000000011c72dc20: 0200 0014 | 0208 00f9 

  0x000000011c72dc28: ;   {metadata(method data for {method} {0x00003000002119b0} 'invokeExact_MT' '(Ljava/lang/Object;Ljava/lang/Object;Ljava/lang/Object;)Ljava/lang/Object;' in 'java/lang/invoke/Invokers$Holder')}
  0x000000011c72dc28: 00b3 93d2 | c045 a6f2 | 2000 c0f2 | 0290 40b9 | 4208 0011 | 0290 00b9 | 4224 1f12 | 5f00 0071 
  0x000000011c72dc48: 2033 0054 

  0x000000011c72dc4c: ;   {metadata(method data for {method} {0x00003000002119b0} 'invokeExact_MT' '(Ljava/lang/Object;Ljava/lang/Object;Ljava/lang/Object;)Ljava/lang/Object;' in 'java/lang/invoke/Invokers$Holder')}
  0x000000011c72dc4c: 04b3 93d2 | c445 a6f2 | 2400 c0f2 | a100 00b5 | 8844 4339 | 0801 40b2 | 8844 0339 | 2900 0014 
  0x000000011c72dc6c: 2208 40b9 | 4204 54d2 | 8870 40f9 | 5f00 08eb | a100 0054 | 8874 40f9 | 0805 0091 | 8874 00f9 
  0x000000011c72dc8c: 1700 0014 | 8878 40f9 | 5f00 08eb | a100 0054 | 887c 40f9 | 0805 0091 | 887c 00f9 | 1000 0014 
  0x000000011c72dcac: 8870 40f9 | a800 00b5 | 8270 00f9 | e803 40b2 | 8874 00f9 | 0a00 0014 | 8878 40f9 | a800 00b5 
  0x000000011c72dccc: 8278 00f9 | e803 40b2 | 887c 00f9 | 0400 0014 | 886c 40f9 | 0805 0091 | 886c 00f9 

  0x000000011c72dce8: ;   {metadata('java/lang/invoke/MethodHandle')}
  0x000000011c72dce8: 024b 8cd2 | e203 a0f2 | 0200 c6f2 | 2408 40b9 | 8404 54d2 | 881c 40f9 | 5f00 08eb | 412e 0054 
  0x000000011c72dd08: 0100 0014 | e003 01aa | e023 00f9 

  0x000000011c72dd14: ;   {metadata(method data for {method} {0x00003000002119b0} 'invokeExact_MT' '(Ljava/lang/Object;Ljava/lang/Object;Ljava/lang/Object;)Ljava/lang/Object;' in 'java/lang/invoke/Invokers$Holder')}
  0x000000011c72dd14: 04b3 93d2 | c445 a6f2 | 2400 c0f2 | a300 00b5 | 8804 4439 | 0801 40b2 | 8804 0439 | 2800 0014 
  0x000000011c72dd34: 6208 40b9 | 4204 54d2 | 8888 40f9 | 5f00 08eb | a100 0054 | 888c 40f9 | 0805 0091 | 888c 00f9 
  0x000000011c72dd54: 1700 0014 | 8890 40f9 | 5f00 08eb | a100 0054 | 8894 40f9 | 0805 0091 | 8894 00f9 | 1000 0014 
  0x000000011c72dd74: 8888 40f9 | a800 00b5 | 8288 00f9 | e803 40b2 | 888c 00f9 | 0a00 0014 | 8890 40f9 | a800 00b5 
  0x000000011c72dd94: 8290 00f9 | e803 40b2 | 8894 00f9 | 0400 0014 | 8884 40f9 | 0805 0091 | 8884 00f9 

  0x000000011c72ddb0: ;   {metadata('java/lang/invoke/MethodType')}
  0x000000011c72ddb0: 02a5 8ed2 | e203 a0f2 | 0200 c6f2 | 6808 40b9 | 0805 54d2 | 1f01 02eb | 6128 0054 | 0100 0014 
  0x000000011c72ddd0: e203 03aa 

  0x000000011c72ddd4: ;   {metadata(method data for {method} {0x00003000002119b0} 'invokeExact_MT' '(Ljava/lang/Object;Ljava/lang/Object;Ljava/lang/Object;)Ljava/lang/Object;' in 'java/lang/invoke/Invokers$Holder')}
  0x000000011c72ddd4: 01b3 93d2 | c145 a6f2 | 2100 c0f2 | 2120 0591 | e303 00aa | a300 00b5 | 2904 40f9 | 2901 40b2 
  0x000000011c72ddf4: 2904 00f9 | 1600 0014 | 6308 40b9 | 6304 54d2 | 2904 40f9 | 6300 09ca | 68f4 7e92 | 0802 00b4 
  0x000000011c72de14: e301 0837 | a901 00b4 | 3f05 00f1 | 6001 0054 | bf39 03d5 | 6300 09ca | 2904 40f9 | 6300 09ca 
  0x000000011c72de34: 68f4 7e92 | c800 00b4 | 2904 40f9 | 2901 7fb2 | 2904 00f9 | 0200 0014 | 2304 00f9 | e303 02aa 
  0x000000011c72de54: 8300 00b5 | 290c 40f9 | 2901 40b2 | 290c 00f9 

  0x000000011c72de64: ;   {metadata(method data for {method} {0x00003000002119b0} 'invokeExact_MT' '(Ljava/lang/Object;Ljava/lang/Object;Ljava/lang/Object;)Ljava/lang/Object;' in 'java/lang/invoke/Invokers$Holder')}
  0x000000011c72de64: 01b3 93d2 | c145 a6f2 | 2100 c0f2 | 289c 40f9 | 0805 0091 | 289c 00f9 

  0x000000011c72de7c: ;   {metadata(method data for {method} {0x000030000047b5e0} 'checkExactType' '(Ljava/lang/invoke/MethodHandle;Ljava/lang/invoke/MethodType;)V' in 'java/lang/invoke/Invokers')}
  0x000000011c72de7c: 0130 9dd2 | 6145 a6f2 | 2100 c0f2 | 2390 40b9 | 6308 0011 | 2390 00b9 | 634c 1f12 | 7f00 0071 
  0x000000011c72de9c: 0022 0054 

  0x000000011c72dea0: ; implicit exception: dispatches to 0x000000011c72e2fc
  0x000000011c72dea0: 1f00 40f9 | e103 00aa 

  0x000000011c72dea8: ;   {metadata(method data for {method} {0x000030000047b5e0} 'checkExactType' '(Ljava/lang/invoke/MethodHandle;Ljava/lang/invoke/MethodType;)V' in 'java/lang/invoke/Invokers')}
  0x000000011c72dea8: 0330 9dd2 | 6345 a6f2 | 2300 c0f2 | 2108 40b9 | 2104 54d2 | 6870 40f9 | 3f00 08eb | a100 0054 
  0x000000011c72dec8: 6874 40f9 | 0805 0091 | 6874 00f9 | 1700 0014 | 6878 40f9 | 3f00 08eb | a100 0054 | 687c 40f9 
  0x000000011c72dee8: 0805 0091 | 687c 00f9 | 1000 0014 | 6870 40f9 | a800 00b5 | 6170 00f9 | e803 40b2 | 6874 00f9 
  0x000000011c72df08: 0a00 0014 | 6878 40f9 | a800 00b5 | 6178 00f9 | e803 40b2 | 687c 00f9 | 0400 0014 | 686c 40f9 
  0x000000011c72df28: 0805 0091 | 686c 00f9 | 0110 40b9 | 21f0 7dd3 | 3f00 02eb 

  0x000000011c72df3c: ;   {metadata(method data for {method} {0x000030000047b5e0} 'checkExactType' '(Ljava/lang/invoke/MethodHandle;Ljava/lang/invoke/MethodType;)V' in 'java/lang/invoke/Invokers')}
  0x000000011c72df3c: 0330 9dd2 | 6345 a6f2 | 2300 c0f2 | 0823 80d2 | 0921 80d2 | 0411 899a | 6568 64f8 | a504 0091 
  0x000000011c72df5c: 6568 24f8 | e118 0054 

  0x000000011c72df64: ;   {metadata(method data for {method} {0x00003000002119b0} 'invokeExact_MT' '(Ljava/lang/Object;Ljava/lang/Object;Ljava/lang/Object;)Ljava/lang/Object;' in 'java/lang/invoke/Invokers$Holder')}
  0x000000011c72df64: 01b3 93d2 | c145 a6f2 | 2100 c0f2 | 2100 0691 | e203 00aa | 4208 40b9 | 4204 54d2 | 2904 40f9 
  0x000000011c72df84: 4200 09ca | 48f4 7e92 | 0802 00b4 | e201 0837 | a901 00b4 | 3f05 00f1 | 6001 0054 | bf39 03d5 
  0x000000011c72dfa4: 4200 09ca | 2904 40f9 | 4200 09ca | 48f4 7e92 | c800 00b4 | 2904 40f9 | 2901 7fb2 | 2904 00f9 
  0x000000011c72dfc4: 0200 0014 | 2204 00f9 

  0x000000011c72dfcc: ;   {metadata(method data for {method} {0x00003000002119b0} 'invokeExact_MT' '(Ljava/lang/Object;Ljava/lang/Object;Ljava/lang/Object;)Ljava/lang/Object;' in 'java/lang/invoke/Invokers$Holder')}
  0x000000011c72dfcc: 01b3 93d2 | c145 a6f2 | 2100 c0f2 | 28b8 40f9 | 0805 0091 | 28b8 00f9 

  0x000000011c72dfe4: ;   {metadata(method data for {method} {0x000030000047b4d8} 'checkCustomized' '(Ljava/lang/invoke/MethodHandle;)V' in 'java/lang/invoke/Invokers')}
  0x000000011c72dfe4: 0194 9dd2 | 6145 a6f2 | 2100 c0f2 | 2290 40b9 | 4208 0011 | 2290 00b9 | 424c 1f12 | 5f00 0071 
  0x000000011c72e004: e017 0054 

  0x000000011c72e008: ;   {metadata(method data for {method} {0x000030000047b4d8} 'checkCustomized' '(Ljava/lang/invoke/MethodHandle;)V' in 'java/lang/invoke/Invokers')}
  0x000000011c72e008: 0194 9dd2 | 6145 a6f2 | 2100 c0f2 | 286c 40f9 | 0805 0091 | 286c 00f9 

  0x000000011c72e020: ;   {metadata(method data for {method} {0x00003000001fd670} 'isCompileConstant' '(Ljava/lang/Object;)Z' in 'java/lang/invoke/MethodHandleImpl')}
  0x000000011c72e020: 01c3 9dd2 | 6145 a6f2 | 2100 c0f2 | 2290 40b9 | 4208 0011 | 2290 00b9 | 424c 1f12 | 5f00 0071 
  0x000000011c72e040: 0017 0054 

  0x000000011c72e044: ;   {metadata(method data for {method} {0x000030000047b4d8} 'checkCustomized' '(Ljava/lang/invoke/MethodHandle;)V' in 'java/lang/invoke/Invokers')}
  0x000000011c72e044: 0194 9dd2 | 6145 a6f2 | 2100 c0f2 | 2274 40f9 | 4204 0091 | 2274 00f9 | 0114 40b9 | 21f0 7dd3 
  0x000000011c72e064: ; implicit exception: dispatches to 0x000000011c72e340
  0x000000011c72e064: 211c 40b9 | 21f0 7dd3 | e203 1faa | 3f00 02eb 

  0x000000011c72e074: ;   {metadata(method data for {method} {0x000030000047b4d8} 'checkCustomized' '(Ljava/lang/invoke/MethodHandle;)V' in 'java/lang/invoke/Invokers')}
  0x000000011c72e074: 0194 9dd2 | 6145 a6f2 | 2100 c0f2 | 0821 80d2 | 0923 80d2 | 0211 899a | 2368 62f8 | 6304 0091 
  0x000000011c72e094: 2368 22f8 | 8101 0054 

  0x000000011c72e09c: ;   {metadata(method data for {method} {0x000030000047b4d8} 'checkCustomized' '(Ljava/lang/invoke/MethodHandle;)V' in 'java/lang/invoke/Invokers')}
  0x000000011c72e09c: 0194 9dd2 | 6145 a6f2 | 2100 c0f2 | 2894 40f9 | 0805 0091 | 2894 00f9 | e103 00aa 

  0x000000011c72e0b8: ; ImmutableOopMap {rfp=Oop [64]=Oop }
                      ;*invokestatic maybeCustomize {reexecute=0 rethrow=0 return_oop=0}
                      ; - java.lang.invoke.Invokers::checkCustomized@19 (line 628)
                      ; - java.lang.invoke.Invokers$Holder::invokeExact_MT@14
                      ;   {static_call}
  0x000000011c72e0b8: 82c0 ff97 

  0x000000011c72e0bc: ;   {post_call_nop}
  0x000000011c72e0bc: 1f20 03d5 | 9fd6 80f2 | 1f00 80f2 

  0x000000011c72e0c8: ;   {metadata(method data for {method} {0x00003000002119b0} 'invokeExact_MT' '(Ljava/lang/Object;Ljava/lang/Object;Ljava/lang/Object;)Ljava/lang/Object;' in 'java/lang/invoke/Invokers$Holder')}
  0x000000011c72e0c8: 02b3 93d2 | c245 a6f2 | 2200 c0f2 | 4220 0791 | e103 1daa | a100 00b5 | 4904 40f9 | 2901 40b2 
  0x000000011c72e0e8: 4904 00f9 | 1600 0014 | 2108 40b9 | 2104 54d2 | 4904 40f9 | 2100 09ca | 28f4 7e92 | 0802 00b4 
  0x000000011c72e108: e101 0837 | a901 00b4 | 3f05 00f1 | 6001 0054 | bf39 03d5 | 2100 09ca | 4904 40f9 | 2100 09ca 
  0x000000011c72e128: 28f4 7e92 | c800 00b4 | 4904 40f9 | 2901 7fb2 | 4904 00f9 | 0200 0014 | 4104 00f9 | e023 40f9 
  0x000000011c72e148: ;   {metadata(method data for {method} {0x00003000002119b0} 'invokeExact_MT' '(Ljava/lang/Object;Ljava/lang/Object;Ljava/lang/Object;)Ljava/lang/Object;' in 'java/lang/invoke/Invokers$Holder')}
  0x000000011c72e148: 02b3 93d2 | c245 a6f2 | 2200 c0f2 | 0008 40b9 | 0004 54d2 | 48d0 40f9 | 1f00 08eb | a100 0054 
  0x000000011c72e168: 48d4 40f9 | 0805 0091 | 48d4 00f9 | 1700 0014 | 48d8 40f9 | 1f00 08eb | a100 0054 | 48dc 40f9 
  0x000000011c72e188: 0805 0091 | 48dc 00f9 | 1000 0014 | 48d0 40f9 | a800 00b5 | 40d0 00f9 | e803 40b2 | 48d4 00f9 
  0x000000011c72e1a8: 0a00 0014 | 48d8 40f9 | a800 00b5 | 40d8 00f9 | e803 40b2 | 48dc 00f9 | 0400 0014 | 48cc 40f9 
  0x000000011c72e1c8: 0805 0091 | 48cc 00f9 | e203 1daa | e123 40f9 

  0x000000011c72e1d8: ; ImmutableOopMap {}
                      ;*invokevirtual invokeBasic {reexecute=0 rethrow=0 return_oop=0}
                      ; - java.lang.invoke.Invokers$Holder::invokeExact_MT@19
                      ;   {optimized virtual_call}
  0x000000011c72e1d8: ca7f e695 

  0x000000011c72e1dc: ;   {post_call_nop}
  0x000000011c72e1dc: 1f20 03d5 | 9ffa 80f2 | 1f20 80f2 

  0x000000011c72e1e8: ;   {metadata(method data for {method} {0x00003000002119b0} 'invokeExact_MT' '(Ljava/lang/Object;Ljava/lang/Object;Ljava/lang/Object;)Ljava/lang/Object;' in 'java/lang/invoke/Invokers$Holder')}
  0x000000011c72e1e8: 01b3 93d2 | c145 a6f2 | 2100 c0f2 | 2160 0791 | e203 00aa | a200 00b5 | 2900 40f9 | 2901 40b2 
  0x000000011c72e208: 2900 00f9 | 1600 0014 | 4208 40b9 | 4204 54d2 | 2900 40f9 | 4200 09ca | 48f4 7e92 | 0802 00b4 
  0x000000011c72e228: e201 0837 | a901 00b4 | 3f05 00f1 | 6001 0054 | bf39 03d5 | 4200 09ca | 2900 40f9 | 4200 09ca 
  0x000000011c72e248: 48f4 7e92 | c800 00b4 | 2900 40f9 | 2901 7fb2 | 2900 00f9 | 0200 0014 | 2200 00f9 | fd7b 45a9 
  0x000000011c72e268: ff83 0191 

  0x000000011c72e26c: ;   {poll_return}
  0x000000011c72e26c: 8817 40f9 | ff63 28eb | 8806 0054 | c003 5fd6 

  0x000000011c72e27c: ;   {metadata(method data for {method} {0x000030000047b5e0} 'checkExactType' '(Ljava/lang/invoke/MethodHandle;Ljava/lang/invoke/MethodType;)V' in 'java/lang/invoke/Invokers')}
  0x000000011c72e27c: 0330 9dd2 | 6345 a6f2 | 2300 c0f2 | 6894 40f9 | 0805 0091 | 6894 00f9 

  0x000000011c72e294: ; ImmutableOopMap {rfp=Oop [64]=Oop }
                      ;*invokestatic newWrongMethodTypeException {reexecute=0 rethrow=0 return_oop=0}
                      ; - java.lang.invoke.Invokers::checkExactType@12 (line 533)
                      ; - java.lang.invoke.Invokers$Holder::invokeExact_MT@10
                      ;   {static_call}
  0x000000011c72e294: 9b66 ca95 

  0x000000011c72e298: ;   {post_call_nop}
  0x000000011c72e298: 1f20 03d5 | 1f12 81f2 | 1f40 80f2 

  0x000000011c72e2a4: ; implicit exception: dispatches to 0x000000011c72e350
  0x000000011c72e2a4: 1f00 40f9 | 2e00 0014 

  0x000000011c72e2ac: ;   {metadata({method} {0x00003000002119b0} 'invokeExact_MT' '(Ljava/lang/Object;Ljava/lang/Object;Ljava/lang/Object;)Ljava/lang/Object;' in 'java/lang/invoke/Invokers$Holder')}
  0x000000011c72e2ac: 0836 83d2 | 2804 a0f2 | 0800 c6f2 | e807 00f9 | 0800 8092 | e803 00f9 

  0x000000011c72e2c4: ; ImmutableOopMap {c_rarg1=Oop rfp=Oop c_rarg3=Oop }
                      ;*synchronization entry
                      ; - java.lang.invoke.Invokers$Holder::invokeExact_MT@-1
                      ;   {runtime_call C1 Runtime counter_overflow_blob}
  0x000000011c72e2c4: afb8 cd95 | 61fe ff17 | e803 01aa 

  0x000000011c72e2d0: ; ImmutableOopMap {rfp=Oop c_rarg3=Oop }
                      ;*checkcast {reexecute=0 rethrow=0 return_oop=0}
                      ; - java.lang.invoke.Invokers$Holder::invokeExact_MT@1
                      ;   {runtime_call C1 Runtime throw_class_cast_exception_blob}
  0x000000011c72e2d0: ecb1 cd95 | e803 03aa 

  0x000000011c72e2d8: ; ImmutableOopMap {rfp=Oop c_rarg0=Oop [64]=Oop }
                      ;*checkcast {reexecute=0 rethrow=0 return_oop=0}
                      ; - java.lang.invoke.Invokers$Holder::invokeExact_MT@7
                      ;   {runtime_call C1 Runtime throw_class_cast_exception_blob}
  0x000000011c72e2d8: eab1 cd95 

  0x000000011c72e2dc: ;   {metadata({method} {0x000030000047b5e0} 'checkExactType' '(Ljava/lang/invoke/MethodHandle;Ljava/lang/invoke/MethodType;)V' in 'java/lang/invoke/Invokers')}
  0x000000011c72e2dc: 08bc 96d2 | e808 a0f2 | 0800 c6f2 | e807 00f9 | 0800 8092 | e803 00f9 

  0x000000011c72e2f4: ; ImmutableOopMap {rfp=Oop c_rarg0=Oop c_rarg2=Oop [64]=Oop }
                      ;*synchronization entry
                      ; - java.lang.invoke.Invokers::checkExactType@-1 (line 531)
                      ; - java.lang.invoke.Invokers$Holder::invokeExact_MT@10
                      ;   {runtime_call C1 Runtime counter_overflow_blob}
  0x000000011c72e2f4: a3b8 cd95 | eafe ff17 

  0x000000011c72e2fc: ; ImmutableOopMap {rfp=Oop c_rarg0=Oop c_rarg2=Oop [64]=Oop }
                      ;*invokevirtual type {reexecute=0 rethrow=0 return_oop=0}
                      ; - java.lang.invoke.Invokers::checkExactType@1 (line 531)
                      ; - java.lang.invoke.Invokers$Holder::invokeExact_MT@10
                      ;   {runtime_call C1 Runtime throw_null_pointer_exception_blob}
  0x000000011c72e2fc: f1ab cd95 

  0x000000011c72e300: ;   {metadata({method} {0x000030000047b4d8} 'checkCustomized' '(Ljava/lang/invoke/MethodHandle;)V' in 'java/lang/invoke/Invokers')}
  0x000000011c72e300: 089b 96d2 | e808 a0f2 | 0800 c6f2 | e807 00f9 | 0800 8092 | e803 00f9 

  0x000000011c72e318: ; ImmutableOopMap {rfp=Oop c_rarg0=Oop [64]=Oop }
                      ;*synchronization entry
                      ; - java.lang.invoke.Invokers::checkCustomized@-1 (line 624)
                      ; - java.lang.invoke.Invokers$Holder::invokeExact_MT@14
                      ;   {runtime_call C1 Runtime counter_overflow_blob}
  0x000000011c72e318: 9ab8 cd95 | 3bff ff17 

  0x000000011c72e320: ;   {metadata({method} {0x00003000001fd670} 'isCompileConstant' '(Ljava/lang/Object;)Z' in 'java/lang/invoke/MethodHandleImpl')}
  0x000000011c72e320: 08ce 9ad2 | e803 a0f2 | 0800 c6f2 | e807 00f9 | 0800 8092 | e803 00f9 

  0x000000011c72e338: ; ImmutableOopMap {rfp=Oop c_rarg0=Oop [64]=Oop }
                      ;*synchronization entry
                      ; - java.lang.invoke.MethodHandleImpl::isCompileConstant@-1 (line 628)
                      ; - java.lang.invoke.Invokers::checkCustomized@1 (line 624)
                      ; - java.lang.invoke.Invokers$Holder::invokeExact_MT@14
                      ;   {runtime_call C1 Runtime counter_overflow_blob}
  0x000000011c72e338: 92b8 cd95 | 42ff ff17 

  0x000000011c72e340: ; ImmutableOopMap {rfp=Oop c_rarg0=Oop [64]=Oop }
                      ;*getfield customized {reexecute=1 rethrow=0 return_oop=0}
                      ; - (reexecute) java.lang.invoke.Invokers::checkCustomized@12 (line 627)
                      ; - java.lang.invoke.Invokers$Holder::invokeExact_MT@14
                      ;   {runtime_call C1 Runtime throw_null_pointer_exception_blob}
  0x000000011c72e340: e0ab cd95 

  0x000000011c72e344: ;   {internal_word}
  0x000000011c72e344: 48f9 ff10 | 884f 02f9 

  0x000000011c72e34c: ;   {runtime_call SafepointBlob}
  0x000000011c72e34c: 0d6b ca15 

  0x000000011c72e350: ; ImmutableOopMap {rfp=Oop c_rarg0=Oop [64]=Oop }
                      ;*athrow {reexecute=1 rethrow=0 return_oop=0}
                      ; - (reexecute) java.lang.invoke.Invokers::checkExactType@15 (line 533)
                      ; - java.lang.invoke.Invokers$Holder::invokeExact_MT@10
                      ;   {runtime_call C1 Runtime throw_null_pointer_exception_blob}
  0x000000011c72e350: dcab cd95 | 80a7 42f9 | 9fa7 02f9 | 9fab 02f9 | fd7b 45a9 | ff83 0191 

  0x000000011c72e368: ;   {runtime_call C1 Runtime unwind_exception_blob}
  0x000000011c72e368: f6a9 cd15 | 0000 0000 
[Stub Code]
  0x000000011c72e370: ;   {trampoline_stub}
  0x000000011c72e370: 4800 0058 | 0001 1fd6 | c0e2 711c | 0100 0000 

  0x000000011c72e380: ;   {trampoline_stub}
  0x000000011c72e380: 4800 0058 | 0001 1fd6 | 00e1 0c24 | 0100 0000 

  0x000000011c72e390: ;   {trampoline_stub}
  0x000000011c72e390: 4800 0058 | 0001 1fd6 | 007d 9c23 | 0100 0000 

  0x000000011c72e3a0: ;   {static_stub}
  0x000000011c72e3a0: df3f 03d5 

  0x000000011c72e3a4: ;   {metadata(nullptr)}
  0x000000011c72e3a4: 0c00 80d2 | 0c00 a0f2 | 0c00 c0f2 | 0000 0014 

  0x000000011c72e3b4: ;   {static_stub}
  0x000000011c72e3b4: df3f 03d5 

  0x000000011c72e3b8: ;   {metadata(nullptr)}
  0x000000011c72e3b8: 0c00 80d2 | 0c00 a0f2 | 0c00 c0f2 | 0000 0014 

  0x000000011c72e3c8: ;   {static_stub}
  0x000000011c72e3c8: df3f 03d5 

  0x000000011c72e3cc: ;   {metadata(nullptr)}
  0x000000011c72e3cc: 0c00 80d2 | 0c00 a0f2 | 0c00 c0f2 | 0000 0014 
[Exception Handler]
  0x000000011c72e3dc: ;   {runtime_call C1 Runtime handle_exception_from_callee_blob}
  0x000000011c72e3dc: e9b0 cd95 

  0x000000011c72e3e0: ;   {external_word}
  0x000000011c72e3e0: c0ae 9fd2 | 8060 a2f2 | 2000 c0f2 | c1d5 bbd4 

  0x000000011c72e3f0: ;   {runtime_call DeoptimizationBlob}
  0x000000011c72e3f0: 646b ca95 
[Deopt Handler Entry Point]
  0x000000011c72e3f4: ffff ff17 
[/MachCode]


Compiled method (c1) 1326 3171       3       java.lang.reflect.Method::invoke (108 bytes)
 total in heap  [0x000000011c9a8408,0x000000011c9a8cb0] = 2216
 main code      [0x000000011c9a8500,0x000000011c9a8bb0] = 1712
 stub code      [0x000000011c9a8bb0,0x000000011c9a8cb0] = 256
 mutable data [0x0000000799824480,0x00000007998245e0] = 352
 relocation     [0x0000000799824480,0x0000000799824588] = 264
 metadata       [0x0000000799824588,0x00000007998245e0] = 88
 immutable data [0x0000000799820540,0x00000007998206fc] = 444
 dependencies   [0x0000000799820540,0x0000000799820548] = 8
 nul chk table  [0x0000000799820548,0x0000000799820568] = 32
 scopes pcs     [0x0000000799820568,0x0000000799820638] = 208
 scopes data    [0x0000000799820638,0x00000007998206f8] = 192

[Constant Pool (empty)]


Loading hsdis library failed, undisassembled code is shown in MachCode section
[MachCode]
[Instructions begin]
  0x000000011c9a8500: 1f20 03d5 | 1f20 03d5 | 1f20 03d5 | 1f20 03d5 | 1f20 03d5 | 1f20 03d5 | 1f20 03d5 | 1f20 03d5 
  0x000000011c9a8520: 1f20 03d5 | 1f20 03d5 | 1f20 03d5 
[Entry Point]
  # {method} {0x00003000001b1e68} 'invoke' '(Ljava/lang/Object;[Ljava/lang/Object;)Ljava/lang/Object;' in 'java/lang/reflect/Method'
  # this:     c_rarg1:c_rarg1 
                        = 'java/lang/reflect/Method'
  # parm0:    c_rarg2:c_rarg2 
                        = 'java/lang/Object'
  # parm1:    c_rarg3:c_rarg3 
                        = '[Ljava/lang/Object;'
  #           [sp+0x80]  (sp of caller)
  0x000000011c9a852c: 2808 40b9 | 2a09 40b9 | 1f01 0a6b | 4000 0054 

  0x000000011c9a853c: ;   {runtime_call Shared Runtime ic_miss_blob}
  0x000000011c9a853c: 717c c015 
[Verified Entry Point]
  0x000000011c9a8540: 1f20 03d5 | e953 40d1 | 3f01 00f9 | ff03 02d1 | fd7b 07a9 | 2801 0018 | 8923 40b9 | 1f01 09eb 
  0x000000011c9a8560: e000 0054 

  0x000000011c9a8564: ;   {runtime_call Stub::Stub Generator method_entry_barrier_stub}
  0x000000011c9a8564: 08a8 80d2 | a873 a4f2 | 2800 c0f2 | 0001 3fd6 | 0200 0014 | 0300 0000 | fd03 01aa | e227 00f9 
  0x000000011c9a8584: ;   {metadata(method data for {method} {0x00003000001b1e68} 'invoke' '(Ljava/lang/Object;[Ljava/lang/Object;)Ljava/lang/Object;' in 'java/lang/reflect/Method')}
  0x000000011c9a8584: 01b9 8fd2 | c146 a6f2 | 2100 c0f2 | 2090 40b9 | 0008 0011 | 2090 00b9 | 0024 1f12 | 1f00 0071 
  0x000000011c9a85a4: 602c 0054 | e32b 00f9 | e103 1daa 

  0x000000011c9a85b0: ;   {metadata(method data for {method} {0x00003000001b1e68} 'invoke' '(Ljava/lang/Object;[Ljava/lang/Object;)Ljava/lang/Object;' in 'java/lang/reflect/Method')}
  0x000000011c9a85b0: 00b9 8fd2 | c046 a6f2 | 2000 c0f2 | 086c 40f9 | 0805 0091 | 086c 00f9 | e103 1daa 

  0x000000011c9a85cc: ; ImmutableOopMap {rfp=Oop [72]=Oop [80]=Oop }
                      ;*invokevirtual isCallerSensitive {reexecute=0 rethrow=0 return_oop=0}
                      ; - java.lang.reflect.Method::invoke@1 (line 546)
                      ;   {optimized virtual_call}
  0x000000011c9a85cc: 1584 e195 

  0x000000011c9a85d0: ;   {post_call_nop}
  0x000000011c9a85d0: 1f20 03d5 | 1f39 80f2 | 1f00 80f2 | a133 4039 | 3f00 0071 

  0x000000011c9a85e4: ;   {metadata(method data for {method} {0x00003000001b1e68} 'invoke' '(Ljava/lang/Object;[Ljava/lang/Object;)Ljava/lang/Object;' in 'java/lang/reflect/Method')}
  0x000000011c9a85e4: 01b9 8fd2 | c146 a6f2 | 2100 c0f2 | 0821 80d2 | 0923 80d2 | 0201 899a | 2368 62f8 | 6304 0091 
  0x000000011c9a8604: 2368 22f8 | e001 0054 | 1f00 0071 

  0x000000011c9a8610: ;   {metadata(method data for {method} {0x00003000001b1e68} 'invoke' '(Ljava/lang/Object;[Ljava/lang/Object;)Ljava/lang/Object;' in 'java/lang/reflect/Method')}
  0x000000011c9a8610: 01b9 8fd2 | c146 a6f2 | 2100 c0f2 | 0827 80d2 | 0925 80d2 | 0211 899a | 2368 62f8 | 6304 0091 
  0x000000011c9a8630: 2368 22f8 | 8100 0054 | e603 1faa | e05b 00b9 | 0d00 0014 | e05b 00b9 

  0x000000011c9a8648: ;   {metadata(method data for {method} {0x00003000001b1e68} 'invoke' '(Ljava/lang/Object;[Ljava/lang/Object;)Ljava/lang/Object;' in 'java/lang/reflect/Method')}
  0x000000011c9a8648: 01b9 8fd2 | c146 a6f2 | 2100 c0f2 | 28a4 40f9 | 0805 0091 | 28a4 00f9 

  0x000000011c9a8660: ; ImmutableOopMap {rfp=Oop [72]=Oop [80]=Oop }
                      ;*invokestatic getCallerClass {reexecute=0 rethrow=0 return_oop=0}
                      ; - java.lang.reflect.Method::invoke@19 (line 549)
                      ;   {static_call}
  0x000000011c9a8660: cebc dd95 

  0x000000011c9a8664: ;   {post_call_nop}
  0x000000011c9a8664: 1f20 03d5 | 9f4b 80f2 | 1f20 80f2 | e603 00aa | a233 4039 | 5f00 0071 

  0x000000011c9a867c: ;   {metadata(method data for {method} {0x00003000001b1e68} 'invoke' '(Ljava/lang/Object;[Ljava/lang/Object;)Ljava/lang/Object;' in 'java/lang/reflect/Method')}
  0x000000011c9a867c: 02b9 8fd2 | c246 a6f2 | 2200 c0f2 | 082d 80d2 | 092b 80d2 | 0301 899a | 4468 63f8 | 8404 0091 
  0x000000011c9a869c: 4468 23f8 | 6000 0054 | e633 00f9 | 8f00 0014 | a31f 40b9 | 63f0 7dd3 | a553 40b9 

  0x000000011c9a86b8: ;   {metadata(method data for {method} {0x00003000001b1e68} 'invoke' '(Ljava/lang/Object;[Ljava/lang/Object;)Ljava/lang/Object;' in 'java/lang/reflect/Method')}
  0x000000011c9a86b8: 02b9 8fd2 | c246 a6f2 | 2200 c0f2 | 48bc 40f9 | 0805 0091 | 48bc 00f9 

  0x000000011c9a86d0: ;   {metadata(method data for {method} {0x0000300000242898} 'isStatic' '(I)Z' in 'java/lang/reflect/Modifier')}
  0x000000011c9a86d0: 0272 96d2 | c242 a6f2 | 2200 c0f2 | 4490 40b9 | 8408 0011 | 4490 00b9 | 844c 1f12 | 9f00 0071 
  0x000000011c9a86f0: 0023 0054 | a200 1d12 | 5f00 0071 

  0x000000011c9a86fc: ;   {metadata(method data for {method} {0x0000300000242898} 'isStatic' '(I)Z' in 'java/lang/reflect/Modifier')}
  0x000000011c9a86fc: 0272 96d2 | c242 a6f2 | 2200 c0f2 | 081b 80d2 | 091d 80d2 | 0401 899a | 4168 64f8 | 2104 0091 
  0x000000011c9a871c: 4168 24f8 | 2001 0054 

  0x000000011c9a8724: ;   {metadata(method data for {method} {0x0000300000242898} 'isStatic' '(I)Z' in 'java/lang/reflect/Modifier')}
  0x000000011c9a8724: 0272 96d2 | c242 a6f2 | 2200 c0f2 | 447c 40f9 | 8404 0091 | 447c 00f9 | e203 0032 | 0200 0014 
  0x000000011c9a8744: 0200 a052 | 4200 0012 | 5f00 0071 

  0x000000011c9a8750: ;   {metadata(method data for {method} {0x00003000001b1e68} 'invoke' '(Ljava/lang/Object;[Ljava/lang/Object;)Ljava/lang/Object;' in 'java/lang/reflect/Method')}
  0x000000011c9a8750: 02b9 8fd2 | c246 a6f2 | 2200 c0f2 | 0831 80d2 | 0933 80d2 | 0401 899a | 4168 64f8 | 2104 0091 
  0x000000011c9a8770: 4168 24f8 | 2001 0054 

  0x000000011c9a8778: ;   {metadata(method data for {method} {0x00003000001b1e68} 'invoke' '(Ljava/lang/Object;[Ljava/lang/Object;)Ljava/lang/Object;' in 'java/lang/reflect/Method')}
  0x000000011c9a8778: 02b9 8fd2 | c246 a6f2 | 2200 c0f2 | 44d4 40f9 | 8404 0091 | 44d4 00f9 | e403 1faa | 2a00 0014 
  0x000000011c9a8798: e227 40f9 

  0x000000011c9a879c: ; implicit exception: dispatches to 0x000000011c9a8b70
  0x000000011c9a879c: 5f00 40f9 | e403 02aa 

  0x000000011c9a87a4: ;   {metadata(method data for {method} {0x00003000001b1e68} 'invoke' '(Ljava/lang/Object;[Ljava/lang/Object;)Ljava/lang/Object;' in 'java/lang/reflect/Method')}
  0x000000011c9a87a4: 01b9 8fd2 | c146 a6f2 | 2100 c0f2 | 8408 40b9 | 8404 54d2 | 28e4 40f9 | 9f00 08eb | a100 0054 
  0x000000011c9a87c4: 28e8 40f9 | 0805 0091 | 28e8 00f9 | 1700 0014 | 28ec 40f9 | 9f00 08eb | a100 0054 | 28f0 40f9 
  0x000000011c9a87e4: 0805 0091 | 28f0 00f9 | 1000 0014 | 28e4 40f9 | a800 00b5 | 24e4 00f9 | e803 40b2 | 28e8 00f9 
  0x000000011c9a8804: 0a00 0014 | 28ec 40f9 | a800 00b5 | 24ec 00f9 | e803 40b2 | 28f0 00f9 | 0400 0014 | 28e0 40f9 
  0x000000011c9a8824: 0805 0091 | 28e0 00f9 | 4408 40b9 | 8404 54d2 | 8438 40f9 | 8400 40f9 | e103 1daa 

  0x000000011c9a8840: ;   {metadata(method data for {method} {0x00003000001b1e68} 'invoke' '(Ljava/lang/Object;[Ljava/lang/Object;)Ljava/lang/Object;' in 'java/lang/reflect/Method')}
  0x000000011c9a8840: 00b9 8fd2 | c046 a6f2 | 2000 c0f2 | 2108 40b9 | 2104 54d2 | 08fc 40f9 | 3f00 08eb | a100 0054 
  0x000000011c9a8860: 0800 41f9 | 0805 0091 | 0800 01f9 | 1700 0014 | 0804 41f9 | 3f00 08eb | a100 0054 | 0808 41f9 
  0x000000011c9a8880: 0805 0091 | 0808 01f9 | 1000 0014 | 08fc 40f9 | a800 00b5 | 01fc 00f9 | e803 40b2 | 0800 01f9 
  0x000000011c9a88a0: 0a00 0014 | 0804 41f9 | a800 00b5 | 0104 01f9 | e803 40b2 | 0808 01f9 | 0400 0014 | 08f8 40f9 
  0x000000011c9a88c0: 0805 0091 | 08f8 00f9 | e203 06aa | e103 1daa | e633 00f9 

  0x000000011c9a88d4: ; ImmutableOopMap {rfp=Oop [72]=Oop [80]=Oop [96]=Oop }
                      ;*invokevirtual checkAccess {reexecute=0 rethrow=0 return_oop=0}
                      ; - java.lang.reflect.Method::invoke@60 (line 556)
                      ;   {optimized virtual_call}
  0x000000011c9a88d4: e500 0094 

  0x000000011c9a88d8: ;   {post_call_nop}
  0x000000011c9a88d8: 1f20 03d5 | 1f9a 80f2 | 1f40 80f2 | a14b 40b9 | 21f0 7dd3 | e003 1faa | 3f00 00eb 

  0x000000011c9a88f4: ;   {metadata(method data for {method} {0x00003000001b1e68} 'invoke' '(Ljava/lang/Object;[Ljava/lang/Object;)Ljava/lang/Object;' in 'java/lang/reflect/Method')}
  0x000000011c9a88f4: 00b9 8fd2 | c046 a6f2 | 2000 c0f2 | 0844 80d2 | 0946 80d2 | 0211 899a | 0368 62f8 | 6304 0091 
  0x000000011c9a8914: 0368 22f8 | c101 0054 | e103 1daa 

  0x000000011c9a8920: ;   {metadata(method data for {method} {0x00003000001b1e68} 'invoke' '(Ljava/lang/Object;[Ljava/lang/Object;)Ljava/lang/Object;' in 'java/lang/reflect/Method')}
  0x000000011c9a8920: 00b9 8fd2 | c046 a6f2 | 2000 c0f2 | 0820 41f9 | 0805 0091 | 0820 01f9 | e103 1daa 

  0x000000011c9a893c: ; ImmutableOopMap {[72]=Oop [80]=Oop [96]=Oop }
                      ;*invokevirtual acquireMethodAccessor {reexecute=0 rethrow=0 return_oop=0}
                      ; - java.lang.reflect.Method::invoke@75 (line 562)
                      ;   {optimized virtual_call}
  0x000000011c9a893c: d000 0094 

  0x000000011c9a8940: ;   {post_call_nop}
  0x000000011c9a8940: 1f20 03d5 | 1fa7 80f2 | 1f60 80f2 | e103 00aa | e05b 40b9 | 1f00 0071 

  0x000000011c9a8958: ;   {metadata(method data for {method} {0x00003000001b1e68} 'invoke' '(Ljava/lang/Object;[Ljava/lang/Object;)Ljava/lang/Object;' in 'java/lang/reflect/Method')}
  0x000000011c9a8958: 02b9 8fd2 | c246 a6f2 | 2200 c0f2 | 084e 80d2 | 0950 80d2 | 0301 899a | 4468 63f8 | 8404 0091 
  0x000000011c9a8978: 4468 23f8 | 6007 0054 | e633 40f9 

  0x000000011c9a8984: ; implicit exception: dispatches to 0x000000011c9a8b74
  0x000000011c9a8984: 3f00 40f9 | e203 01aa 

  0x000000011c9a898c: ;   {metadata(method data for {method} {0x00003000001b1e68} 'invoke' '(Ljava/lang/Object;[Ljava/lang/Object;)Ljava/lang/Object;' in 'java/lang/reflect/Method')}
  0x000000011c9a898c: 03b9 8fd2 | c346 a6f2 | 2300 c0f2 | 4208 40b9 | 4204 54d2 | 684c 41f9 | 5f00 08eb | a100 0054 
  0x000000011c9a89ac: 6850 41f9 | 0805 0091 | 6850 01f9 | 1700 0014 | 6854 41f9 | 5f00 08eb | a100 0054 | 6858 41f9 
  0x000000011c9a89cc: 0805 0091 | 6858 01f9 | 1000 0014 | 684c 41f9 | a800 00b5 | 624c 01f9 | e803 40b2 | 6850 01f9 
  0x000000011c9a89ec: 0a00 0014 | 6854 41f9 | a800 00b5 | 6254 01f9 | e803 40b2 | 6858 01f9 | 0400 0014 | 6848 41f9 
  0x000000011c9a8a0c: 0805 0091 | 6848 01f9 | e28f 44a9 | e403 06aa | 091c 9ad2 | e94d b2f2 | e900 c0f2 

  0x000000011c9a8a28: ; ImmutableOopMap {}
                      ;*invokeinterface invoke {reexecute=0 rethrow=0 return_oop=0}
                      ; - java.lang.reflect.Method::invoke@90 (line 565)
                      ;   {virtual_call}
  0x000000011c9a8a28: 367c c095 

  0x000000011c9a8a2c: ;   {post_call_nop}
  0x000000011c9a8a2c: 1f20 03d5 | 9fc4 80f2 | 1f80 80f2 

  0x000000011c9a8a38: ;   {metadata(method data for {method} {0x00003000001b1e68} 'invoke' '(Ljava/lang/Object;[Ljava/lang/Object;)Ljava/lang/Object;' in 'java/lang/reflect/Method')}
  0x000000011c9a8a38: 02b9 8fd2 | c246 a6f2 | 2200 c0f2 | 4360 41f9 | 6304 0091 | 4360 01f9 | fd7b 47a9 | ff03 0291 
  0x000000011c9a8a58: ;   {poll_return}
  0x000000011c9a8a58: 8817 40f9 | ff63 28eb | c808 0054 | c003 5fd6 | e28f 44a9 

  0x000000011c9a8a6c: ; implicit exception: dispatches to 0x000000011c9a8b84
  0x000000011c9a8a6c: 3f00 40f9 | e003 01aa 

  0x000000011c9a8a74: ;   {metadata(method data for {method} {0x00003000001b1e68} 'invoke' '(Ljava/lang/Object;[Ljava/lang/Object;)Ljava/lang/Object;' in 'java/lang/reflect/Method')}
  0x000000011c9a8a74: 04b9 8fd2 | c446 a6f2 | 2400 c0f2 | 0008 40b9 | 0004 54d2 | 8870 41f9 | 1f00 08eb | a100 0054 
  0x000000011c9a8a94: 8874 41f9 | 0805 0091 | 8874 01f9 | 1700 0014 | 8878 41f9 | 1f00 08eb | a100 0054 | 887c 41f9 
  0x000000011c9a8ab4: 0805 0091 | 887c 01f9 | 1000 0014 | 8870 41f9 | a800 00b5 | 8070 01f9 | e803 40b2 | 8874 01f9 
  0x000000011c9a8ad4: 0a00 0014 | 8878 41f9 | a800 00b5 | 8078 01f9 | e803 40b2 | 887c 01f9 | 0400 0014 | 886c 41f9 
  0x000000011c9a8af4: 0805 0091 | 886c 01f9 | 0921 9ad2 | e94d b2f2 | e900 c0f2 

  0x000000011c9a8b08: ; ImmutableOopMap {}
                      ;*invokeinterface invoke {reexecute=0 rethrow=0 return_oop=0}
                      ; - java.lang.reflect.Method::invoke@102 (line 565)
                      ;   {virtual_call}
  0x000000011c9a8b08: ca76 c095 

  0x000000011c9a8b0c: ;   {post_call_nop}
  0x000000011c9a8b0c: 1f20 03d5 | 9fe0 80f2 | 1fa0 80f2 | fd7b 47a9 | ff03 0291 

  0x000000011c9a8b20: ;   {poll_return}
  0x000000011c9a8b20: 8817 40f9 | ff63 28eb | 0803 0054 | c003 5fd6 

  0x000000011c9a8b30: ;   {metadata({method} {0x00003000001b1e68} 'invoke' '(Ljava/lang/Object;[Ljava/lang/Object;)Ljava/lang/Object;' in 'java/lang/reflect/Method')}
  0x000000011c9a8b30: 08cd 83d2 | 6803 a0f2 | 0800 c6f2 | e807 00f9 | 0800 8092 | e803 00f9 

  0x000000011c9a8b48: ; ImmutableOopMap {rfp=Oop c_rarg2=Oop c_rarg3=Oop [72]=Oop }
                      ;*synchronization entry
                      ; - java.lang.reflect.Method::invoke@-1 (line 546)
                      ;   {runtime_call C1 Runtime counter_overflow_blob}
  0x000000011c9a8b48: 8ece c395 | 97fe ff17 

  0x000000011c9a8b50: ;   {metadata({method} {0x0000300000242898} 'isStatic' '(I)Z' in 'java/lang/reflect/Modifier')}
  0x000000011c9a8b50: 0813 85d2 | 8804 a0f2 | 0800 c6f2 | e807 00f9 | 0800 8092 | e803 00f9 

  0x000000011c9a8b68: ; ImmutableOopMap {rfp=Oop c_rarg6=Oop c_rarg3=Oop [72]=Oop [80]=Oop }
                      ;*synchronization entry
                      ; - java.lang.reflect.Modifier::isStatic@-1 (line 107)
                      ; - java.lang.reflect.Method::invoke@42 (line 557)
                      ;   {runtime_call C1 Runtime counter_overflow_blob}
  0x000000011c9a8b68: 86ce c395 | e2fe ff17 

  0x000000011c9a8b70: ; ImmutableOopMap {rfp=Oop c_rarg6=Oop c_rarg3=Oop c_rarg2=Oop [72]=Oop [80]=Oop }
                      ;*invokevirtual getClass {reexecute=0 rethrow=0 return_oop=0}
                      ; - java.lang.reflect.Method::invoke@53 (line 557)
                      ;   {runtime_call C1 Runtime throw_null_pointer_exception_blob}
  0x000000011c9a8b70: d4c1 c395 

  0x000000011c9a8b74: ; ImmutableOopMap {c_rarg1=Oop c_rarg6=Oop [72]=Oop [80]=Oop }
                      ;*invokeinterface invoke {reexecute=0 rethrow=0 return_oop=0}
                      ; - java.lang.reflect.Method::invoke@90 (line 565)
                      ;   {runtime_call C1 Runtime throw_null_pointer_exception_blob}
  0x000000011c9a8b74: d3c1 c395 

  0x000000011c9a8b78: ;   {internal_word}
  0x000000011c9a8b78: 08f7 ff10 | 884f 02f9 

  0x000000011c9a8b80: ;   {runtime_call SafepointBlob}
  0x000000011c9a8b80: 0081 c015 

  0x000000011c9a8b84: ; ImmutableOopMap {c_rarg2=Oop c_rarg3=Oop c_rarg1=Oop [72]=Oop }
                      ;*invokeinterface invoke {reexecute=0 rethrow=0 return_oop=0}
                      ; - java.lang.reflect.Method::invoke@102 (line 565)
                      ;   {runtime_call C1 Runtime throw_null_pointer_exception_blob}
  0x000000011c9a8b84: cfc1 c395 

  0x000000011c9a8b88: ;   {internal_word}
  0x000000011c9a8b88: c8fc ff10 | 884f 02f9 

  0x000000011c9a8b90: ;   {runtime_call SafepointBlob}
  0x000000011c9a8b90: fc80 c015 | 80a7 42f9 | 9fa7 02f9 | 9fab 02f9 | fd7b 47a9 | ff03 0291 

  0x000000011c9a8ba8: ;   {runtime_call C1 Runtime unwind_exception_blob}
  0x000000011c9a8ba8: e6bf c315 | 0000 0000 
[Stub Code]
  0x000000011c9a8bb0: ;   {trampoline_stub}
  0x000000011c9a8bb0: 4800 0058 | 0001 1fd6 | 2096 2024 | 0100 0000 

  0x000000011c9a8bc0: ;   {trampoline_stub}
  0x000000011c9a8bc0: 4800 0058 | 0001 1fd6 | 9879 1124 | 0100 0000 

  0x000000011c9a8bd0: ;   {trampoline_stub}
  0x000000011c9a8bd0: 4800 0058 | 0001 1fd6 | 688c 9a1c | 0100 0000 

  0x000000011c9a8be0: ;   {trampoline_stub}
  0x000000011c9a8be0: 4800 0058 | 0001 1fd6 | 7c8c 9a1c | 0100 0000 

  0x000000011c9a8bf0: ;   {static_stub}
  0x000000011c9a8bf0: df3f 03d5 

  0x000000011c9a8bf4: ;   {metadata(nullptr)}
  0x000000011c9a8bf4: 0c00 80d2 | 0c00 a0f2 | 0c00 c0f2 | 0000 0014 | 1f20 03d5 

  0x000000011c9a8c08: ;   {trampoline_stub}
  0x000000011c9a8c08: 4800 0058 | 0001 1fd6 | 007b 9c23 | 0100 0000 

  0x000000011c9a8c18: ;   {static_stub}
  0x000000011c9a8c18: df3f 03d5 

  0x000000011c9a8c1c: ;   {metadata(nullptr)}
  0x000000011c9a8c1c: 0c00 80d2 | 0c00 a0f2 | 0c00 c0f2 | 0000 0014 | 1f20 03d5 

  0x000000011c9a8c30: ;   {trampoline_stub}
  0x000000011c9a8c30: 4800 0058 | 0001 1fd6 | 3066 9c23 | 0100 0000 

  0x000000011c9a8c40: ;   {static_stub}
  0x000000011c9a8c40: df3f 03d5 

  0x000000011c9a8c44: ;   {metadata(nullptr)}
  0x000000011c9a8c44: 0c00 80d2 | 0c00 a0f2 | 0c00 c0f2 | 0000 0014 

  0x000000011c9a8c54: ;   {static_stub}
  0x000000011c9a8c54: df3f 03d5 

  0x000000011c9a8c58: ;   {metadata(nullptr)}
  0x000000011c9a8c58: 0c00 80d2 | 0c00 a0f2 | 0c00 c0f2 | 0000 0014 

  0x000000011c9a8c68: ;   {static_stub}
  0x000000011c9a8c68: df3f 03d5 

  0x000000011c9a8c6c: ;   {metadata({method} {0x00003000001aea28} 'checkAccess' '(Ljava/lang/Class;Ljava/lang/Class;Ljava/lang/Class;I)V' in 'java/lang/reflect/AccessibleObject')}
  0x000000011c9a8c6c: 0c45 9dd2 | 4c03 a0f2 | 0c00 c6f2 | e830 c015 

  0x000000011c9a8c7c: ;   {static_stub}
  0x000000011c9a8c7c: df3f 03d5 

  0x000000011c9a8c80: ;   {metadata({method} {0x00003000001b2288} 'acquireMethodAccessor' '()Ljdk/internal/reflect/MethodAccessor;' in 'java/lang/reflect/Method')}
  0x000000011c9a8c80: 0c51 84d2 | 6c03 a0f2 | 0c00 c6f2 | a17e c015 
[Exception Handler]
  0x000000011c9a8c90: ;   {runtime_call C1 Runtime handle_exception_from_callee_blob}
  0x000000011c9a8c90: bcc6 c395 

  0x000000011c9a8c94: ;   {external_word}
  0x000000011c9a8c94: c0ae 9fd2 | 8060 a2f2 | 2000 c0f2 | c1d5 bbd4 

  0x000000011c9a8ca4: ;   {runtime_call DeoptimizationBlob}
  0x000000011c9a8ca4: 3781 c095 
[Deopt Handler Entry Point]
  0x000000011c9a8ca8: ffff ff17 | 0000 0000 
[/MachCode]


---------------  P R O C E S S  ---------------

Threads class SMR info:
_java_thread_list=0x0000000792c6c1c0, length=22, elements={
0x0000000104859130, 0x0000000104874d30, 0x00000007928fc000, 0x00000007928fc800,
0x00000007928fd000, 0x00000007928fd800, 0x00000007938d1400, 0x00000007938d1e00,
0x00000007938d2800, 0x00000007938d3200, 0x0000000793adc000, 0x00000007928fe000,
0x00000007928ff800, 0x00000007929cc000, 0x00000007929cd800, 0x00000007967d4000,
0x000000079262c800, 0x000000079983d400, 0x000000079983f200, 0x0000000798b11e00,
0x0000000799848000, 0x0000000799848a00
}

Java Threads: ( => current thread )
=>0x0000000104859130 JavaThread "main"                              [_thread_in_native, id=5635, stack(0x000000016bd30000,0x000000016bf33000) (2060K)]
  0x0000000104874d30 JavaThread "Reference Handler"          daemon [_thread_blocked, id=30211, stack(0x000000016d0b4000,0x000000016d2b7000) (2060K)]
  0x00000007928fc000 JavaThread "Finalizer"                  daemon [_thread_blocked, id=26115, stack(0x000000016d2c0000,0x000000016d4c3000) (2060K)]
  0x00000007928fc800 JavaThread "Signal Dispatcher"          daemon [_thread_blocked, id=26627, stack(0x000000016d4cc000,0x000000016d6cf000) (2060K)]
  0x00000007928fd000 JavaThread "Service Thread"             daemon [_thread_blocked, id=26883, stack(0x000000016d6d8000,0x000000016d8db000) (2060K)]
  0x00000007928fd800 JavaThread "Monitor Deflation Thread"   daemon [_thread_blocked, id=27139, stack(0x000000016d8e4000,0x000000016dae7000) (2060K)]
  0x00000007938d1400 JavaThread "C2 CompilerThread0"         daemon [_thread_blocked, id=27395, stack(0x000000016daf0000,0x000000016dcf3000) (2060K)]
  0x00000007938d1e00 JavaThread "C1 CompilerThread0"         daemon [_thread_blocked, id=28931, stack(0x000000016dcfc000,0x000000016deff000) (2060K)]
  0x00000007938d2800 JavaThread "C1 CompilerThread1"         daemon [_thread_blocked, id=27907, stack(0x000000016df08000,0x000000016e10b000) (2060K)]
  0x00000007938d3200 JavaThread "C1 CompilerThread2"         daemon [_thread_blocked, id=28163, stack(0x000000016e114000,0x000000016e317000) (2060K)]
  0x0000000793adc000 JavaThread "C2 CompilerThread1"         daemon [_thread_blocked, id=33027, stack(0x000000016e320000,0x000000016e523000) (2060K)]
  0x00000007928fe000 JavaThread "Common-Cleaner"             daemon [_thread_blocked, id=33283, stack(0x000000016e52c000,0x000000016e72f000) (2060K)]
  0x00000007928ff800 JavaThread "Notification Thread"        daemon [_thread_blocked, id=42499, stack(0x000000016e944000,0x000000016eb47000) (2060K)]
  0x00000007929cc000 JavaThread "surefire-forkedjvm-stream-flusher" daemon [_thread_blocked, id=41987, stack(0x000000016eb50000,0x000000016ed53000) (2060K)]
  0x00000007929cd800 JavaThread "surefire-forkedjvm-command-thread" daemon [_thread_in_native, id=41475, stack(0x000000016ed5c000,0x000000016ef5f000) (2060K)]
  0x00000007967d4000 JavaThread "C1 CompilerThread3"         daemon [_thread_blocked, id=34051, stack(0x000000016f380000,0x000000016f583000) (2060K)]
  0x000000079262c800 JavaThread "InnocuousThread-1"          daemon [_thread_blocked, id=38403, stack(0x00000001701d4000,0x00000001703d7000) (2060K)]
  0x000000079983d400 JavaThread "C2 CompilerThread2"         daemon [_thread_blocked, id=40979, stack(0x000000016ef68000,0x000000016f16b000) (2060K)]
  0x000000079983f200 JavaThread "C2 CompilerThread3"         daemon [_thread_blocked, id=34571, stack(0x000000016f9a4000,0x000000016fba7000) (2060K)]
  0x0000000798b11e00 JavaThread "C2 CompilerThread4"         daemon [_thread_blocked, id=35343, stack(0x000000016ffc8000,0x00000001701cb000) (2060K)]
  0x0000000799848000 JavaThread "C2 CompilerThread5"         daemon [_thread_blocked, id=37123, stack(0x0000000170a04000,0x0000000170c07000) (2060K)]
  0x0000000799848a00 JavaThread "C2 CompilerThread6"         daemon [_thread_blocked, id=36867, stack(0x0000000170c10000,0x0000000170e13000) (2060K)]
Total: 22

Other Threads:
  0x0000000792871800 VMThread "VM Thread"                           [id=19459, stack(0x000000016cd90000,0x000000016cf93000) (2060K)]
  0x0000000792872000 WatcherThread "VM Periodic Task Thread"        [id=20491, stack(0x000000016cb84000,0x000000016cd87000) (2060K)]
  0x00000001048644a0 WorkerThread "GC Thread#0"                     [id=12547, stack(0x000000016bf3c000,0x000000016c13f000) (2060K)]
  0x0000000792923400 WorkerThread "GC Thread#1"                     [id=33539, stack(0x000000016e738000,0x000000016e93b000) (2060K)]
  0x0000000792ba7400 WorkerThread "GC Thread#2"                     [id=40451, stack(0x000000016f174000,0x000000016f377000) (2060K)]
  0x0000000792a4f000 WorkerThread "GC Thread#3"                     [id=34307, stack(0x000000016f58c000,0x000000016f78f000) (2060K)]
  0x00000007924c9400 WorkerThread "GC Thread#4"                     [id=39683, stack(0x000000016f798000,0x000000016f99b000) (2060K)]
  0x0000000792c43c00 WorkerThread "GC Thread#5"                     [id=34819, stack(0x000000016fbb0000,0x000000016fdb3000) (2060K)]
  0x0000000792564000 WorkerThread "GC Thread#6"                     [id=35075, stack(0x000000016fdbc000,0x000000016ffbf000) (2060K)]
  0x0000000792c69000 WorkerThread "GC Thread#7"                     [id=36099, stack(0x00000001703e0000,0x00000001705e3000) (2060K)]
  0x0000000792c69400 WorkerThread "GC Thread#8"                     [id=36355, stack(0x00000001705ec000,0x00000001707ef000) (2060K)]
  0x0000000792c69800 WorkerThread "GC Thread#9"                     [id=37635, stack(0x00000001707f8000,0x00000001709fb000) (2060K)]
  0x000000079279ac00 WorkerThread "GC Thread#10"                    [id=43779, stack(0x0000000170e1c000,0x000000017101f000) (2060K)]
  0x0000000104865920 ConcurrentGCThread "G1 Main Marker"            [id=13059, stack(0x000000016c148000,0x000000016c34b000) (2060K)]
  0x0000000792870000 WorkerThread "G1 Conc#0"                       [id=13827, stack(0x000000016c354000,0x000000016c557000) (2060K)]
  0x000000079279bc00 WorkerThread "G1 Conc#1"                       [id=65283, stack(0x0000000171028000,0x000000017122b000) (2060K)]
  0x0000000792c73000 WorkerThread "G1 Conc#2"                       [id=65027, stack(0x0000000171234000,0x0000000171437000) (2060K)]
  0x0000000792870c00 WorkerThread "G1 Refinement Workers#0"         [id=20995, stack(0x000000016c76c000,0x000000016c96f000) (2060K)]
  0x0000000792898000 ConcurrentGCThread "G1 Refine Control"         [id=16387, stack(0x000000016c560000,0x000000016c763000) (2060K)]
  0x0000000792898500 ConcurrentGCThread "G1 Service"                [id=20739, stack(0x000000016c978000,0x000000016cb7b000) (2060K)]
Total: 20

Threads with active compile tasks:
Total: 0

VM state: not at safepoint (normal execution)

VM Mutex/Monitor currently owned by a thread: None

Heap address: 0x0000000300800000, size: 4096 MB, Compressed Oops mode: Zero based, Oop shift amount: 3

CDS archive(s) mapped at: [0x0000300000000000-0x0000300000dac000-0x0000300000dac000), size 14336000, SharedBaseAddress: 0x0000300000000000, ArchiveRelocationMode: 1.
Compressed class space mapped at: 0x0000300001000000-0x0000300041000000, reserved size: 1073741824
UseCompressedClassPointers 1, UseCompactObjectHeaders 0
Narrow klass pointer bits 32, Max shift 3
Narrow klass base: 0x0000300000000000, Narrow klass shift: 0
Encoding Range: [0x0000300000000000 - 0x0000300100000000), (4294967296 bytes)
Klass Range:    [0x0000300000000000 - 0x0000300041000000), (1090519040 bytes)
Klass ID Range:  [8 - 1090519033) (1090519025)
Protection zone: [0x0000300000000000 - 0x0000300000004000), (16384 bytes)

GC Precious Log:
 CardTable entry size: 512
 Card Set container configuration: InlinePtr #cards 4 size 8 Array Of Cards #cards 16 size 48 Howl #buckets 8 coarsen threshold 3686 Howl Bitmap #cards 512 size 80 coarsen threshold 460 Card regions per heap region 1 cards per card region 4096
 CPUs: 16 total, 16 available
 Memory: 128G
 Large Page Support: Disabled
 NUMA Support: Disabled
 Compressed Oops: Enabled (Zero based)
 Heap Region Size: 2M
 Heap Min Capacity: 8M
 Heap Initial Capacity: 8M
 Heap Max Capacity: 4G
 Pre-touch: Disabled
 Parallel Workers: 13
 Concurrent Workers: 3
 Concurrent Refinement Workers: 13
 Periodic GC: Disabled

Heap:
 garbage-first heap   total reserved 4194304K, committed 110592K, used 19662K [0x0000000300800000, 0x0000000400800000)
  region size 2M, 3 eden (6M), 1 survivor (2M), 8 old (16M), 0 humongous (0M), 42 free (84M)

Heap Regions: E=young(eden), S=young(survivor), O=old, HS=humongous(starts), HC=humongous(continues), CS=collection set, F=free, TAMS=top-at-mark-start, PB=parsable bottom
|    0|0x0000000300800000, 0x0000000300a00000, 0x0000000300a00000|100%| O|  |TAMS 0x0000000300800000| PB 0x0000000300800000| Untracked |  0
|    1|0x0000000300a00000, 0x0000000300c00000, 0x0000000300c00000|100%| O|  |TAMS 0x0000000300a00000| PB 0x0000000300a00000| Untracked |  0
|    2|0x0000000300c00000, 0x0000000300e00000, 0x0000000300e00000|100%| O|Cm|TAMS 0x0000000300c00000| PB 0x0000000300c00000| Complete  |  0
|    3|0x0000000300e00000, 0x0000000301000000, 0x0000000301000000|100%| O|  |TAMS 0x0000000300e00000| PB 0x0000000300e00000| Untracked |  0
|    4|0x0000000301000000, 0x0000000301200000, 0x0000000301200000|100%| O|  |TAMS 0x0000000301000000| PB 0x0000000301000000| Untracked |  0
|    5|0x0000000301200000, 0x00000003013add00, 0x0000000301400000| 83%| O|  |TAMS 0x0000000301200000| PB 0x0000000301200000| Untracked |  0
|    6|0x0000000301400000, 0x0000000301400000, 0x0000000301600000|  0%| F|  |TAMS 0x0000000301400000| PB 0x0000000301400000| Untracked |  0
|    7|0x0000000301600000, 0x0000000301600000, 0x0000000301800000|  0%| F|  |TAMS 0x0000000301600000| PB 0x0000000301600000| Untracked |  0
|    8|0x0000000301800000, 0x0000000301800000, 0x0000000301a00000|  0%| F|  |TAMS 0x0000000301800000| PB 0x0000000301800000| Untracked |  0
|    9|0x0000000301a00000, 0x0000000301a00000, 0x0000000301c00000|  0%| F|  |TAMS 0x0000000301a00000| PB 0x0000000301a00000| Untracked |  0
|   10|0x0000000301c00000, 0x0000000301c00000, 0x0000000301e00000|  0%| F|  |TAMS 0x0000000301c00000| PB 0x0000000301c00000| Untracked |  0
|   11|0x0000000301e00000, 0x0000000301e00000, 0x0000000302000000|  0%| F|  |TAMS 0x0000000301e00000| PB 0x0000000301e00000| Untracked |  0
|   12|0x0000000302000000, 0x0000000302000000, 0x0000000302200000|  0%| F|  |TAMS 0x0000000302000000| PB 0x0000000302000000| Untracked |  0
|   13|0x0000000302200000, 0x0000000302200000, 0x0000000302400000|  0%| F|  |TAMS 0x0000000302200000| PB 0x0000000302200000| Untracked |  0
|   14|0x0000000302400000, 0x0000000302400000, 0x0000000302600000|  0%| F|  |TAMS 0x0000000302400000| PB 0x0000000302400000| Untracked |  0
|   15|0x0000000302600000, 0x0000000302600000, 0x0000000302800000|  0%| F|  |TAMS 0x0000000302600000| PB 0x0000000302600000| Untracked |  0
|   16|0x0000000302800000, 0x0000000302800000, 0x0000000302a00000|  0%| F|  |TAMS 0x0000000302800000| PB 0x0000000302800000| Untracked |  0
|   17|0x0000000302a00000, 0x0000000302a00000, 0x0000000302c00000|  0%| F|  |TAMS 0x0000000302a00000| PB 0x0000000302a00000| Untracked |  0
|   18|0x0000000302c00000, 0x0000000302c00000, 0x0000000302e00000|  0%| F|  |TAMS 0x0000000302c00000| PB 0x0000000302c00000| Untracked |  0
|   19|0x0000000302e00000, 0x0000000302e00000, 0x0000000303000000|  0%| F|  |TAMS 0x0000000302e00000| PB 0x0000000302e00000| Untracked |  0
|   20|0x0000000303000000, 0x0000000303000000, 0x0000000303200000|  0%| F|  |TAMS 0x0000000303000000| PB 0x0000000303000000| Untracked |  0
|   21|0x0000000303200000, 0x0000000303200000, 0x0000000303400000|  0%| F|  |TAMS 0x0000000303200000| PB 0x0000000303200000| Untracked |  0
|   22|0x0000000303400000, 0x0000000303400000, 0x0000000303600000|  0%| F|  |TAMS 0x0000000303400000| PB 0x0000000303400000| Untracked |  0
|   23|0x0000000303600000, 0x0000000303600000, 0x0000000303800000|  0%| F|  |TAMS 0x0000000303600000| PB 0x0000000303600000| Untracked |  0
|   24|0x0000000303800000, 0x0000000303800000, 0x0000000303a00000|  0%| F|  |TAMS 0x0000000303800000| PB 0x0000000303800000| Untracked |  0
|   25|0x0000000303a00000, 0x0000000303a00000, 0x0000000303c00000|  0%| F|  |TAMS 0x0000000303a00000| PB 0x0000000303a00000| Untracked |  0
|   26|0x0000000303c00000, 0x0000000303c00000, 0x0000000303e00000|  0%| F|  |TAMS 0x0000000303c00000| PB 0x0000000303c00000| Untracked |  0
|   27|0x0000000303e00000, 0x0000000303e00000, 0x0000000304000000|  0%| F|  |TAMS 0x0000000303e00000| PB 0x0000000303e00000| Untracked |  0
|   28|0x0000000304000000, 0x0000000304000000, 0x0000000304200000|  0%| F|  |TAMS 0x0000000304000000| PB 0x0000000304000000| Untracked |  0
|   29|0x0000000304200000, 0x0000000304200000, 0x0000000304400000|  0%| F|  |TAMS 0x0000000304200000| PB 0x0000000304200000| Untracked |  0
|   30|0x0000000304400000, 0x0000000304400000, 0x0000000304600000|  0%| F|  |TAMS 0x0000000304400000| PB 0x0000000304400000| Untracked |  0
|   31|0x0000000304600000, 0x0000000304600000, 0x0000000304800000|  0%| F|  |TAMS 0x0000000304600000| PB 0x0000000304600000| Untracked |  0
|   32|0x0000000304800000, 0x0000000304800000, 0x0000000304a00000|  0%| F|  |TAMS 0x0000000304800000| PB 0x0000000304800000| Untracked |  0
|   33|0x0000000304a00000, 0x0000000304a00000, 0x0000000304c00000|  0%| F|  |TAMS 0x0000000304a00000| PB 0x0000000304a00000| Untracked |  0
|   34|0x0000000304c00000, 0x0000000304c00000, 0x0000000304e00000|  0%| F|  |TAMS 0x0000000304c00000| PB 0x0000000304c00000| Untracked |  0
|   35|0x0000000304e00000, 0x0000000304e00000, 0x0000000305000000|  0%| F|  |TAMS 0x0000000304e00000| PB 0x0000000304e00000| Untracked |  0
|   36|0x0000000305000000, 0x0000000305000000, 0x0000000305200000|  0%| F|  |TAMS 0x0000000305000000| PB 0x0000000305000000| Untracked |  0
|   37|0x0000000305200000, 0x0000000305200000, 0x0000000305400000|  0%| F|  |TAMS 0x0000000305200000| PB 0x0000000305200000| Untracked |  0
|   38|0x0000000305400000, 0x0000000305400000, 0x0000000305600000|  0%| F|  |TAMS 0x0000000305400000| PB 0x0000000305400000| Untracked |  0
|   39|0x0000000305600000, 0x0000000305600000, 0x0000000305800000|  0%| F|  |TAMS 0x0000000305600000| PB 0x0000000305600000| Untracked |  0
|   40|0x0000000305800000, 0x0000000305800000, 0x0000000305a00000|  0%| F|  |TAMS 0x0000000305800000| PB 0x0000000305800000| Untracked |  0
|   41|0x0000000305a00000, 0x0000000305a00000, 0x0000000305c00000|  0%| F|  |TAMS 0x0000000305a00000| PB 0x0000000305a00000| Untracked |  0
|   42|0x0000000305c00000, 0x0000000305c00000, 0x0000000305e00000|  0%| F|  |TAMS 0x0000000305c00000| PB 0x0000000305c00000| Untracked |  0
|   43|0x0000000305e00000, 0x0000000305e63250, 0x0000000306000000| 19%| S|CS|TAMS 0x0000000305e00000| PB 0x0000000305e00000| Complete  |  0
|   44|0x0000000306000000, 0x0000000306000000, 0x0000000306200000|  0%| F|  |TAMS 0x0000000306000000| PB 0x0000000306000000| Untracked |  0
|   45|0x0000000306200000, 0x0000000306200000, 0x0000000306400000|  0%| F|  |TAMS 0x0000000306200000| PB 0x0000000306200000| Untracked |  0
|   46|0x0000000306400000, 0x0000000306400000, 0x0000000306600000|  0%| F|  |TAMS 0x0000000306400000| PB 0x0000000306400000| Untracked |  0
|   47|0x0000000306600000, 0x0000000306600000, 0x0000000306800000|  0%| F|  |TAMS 0x0000000306600000| PB 0x0000000306600000| Untracked |  0
|   48|0x0000000306800000, 0x0000000306800000, 0x0000000306a00000|  0%| F|  |TAMS 0x0000000306800000| PB 0x0000000306800000| Untracked |  0
|   49|0x0000000306a00000, 0x0000000306b00000, 0x0000000306c00000| 50%| E|CS|TAMS 0x0000000306a00000| PB 0x0000000306a00000| Complete  |  0
|   50|0x0000000306c00000, 0x0000000306e00000, 0x0000000306e00000|100%| E|CS|TAMS 0x0000000306c00000| PB 0x0000000306c00000| Complete  |  0
|   51|0x0000000306e00000, 0x0000000307000000, 0x0000000307000000|100%| E|CS|TAMS 0x0000000306e00000| PB 0x0000000306e00000| Complete  |  0
| 2046|0x0000000400400000, 0x0000000400600000, 0x0000000400600000|100%| O|  |TAMS 0x0000000400400000| PB 0x0000000400400000| Untracked |  0
| 2047|0x0000000400600000, 0x0000000400722ac8, 0x0000000400800000| 56%| O|  |TAMS 0x0000000400600000| PB 0x0000000400600000| Untracked |  0

Card table byte_map: [0x000000012b530000,0x000000012bd30000] _byte_map_base: 0x0000000129d2c000
Refinement table byte_map: [0x0000000111800000,0x0000000112000000] _byte_map_base: 0x000000010fffc000

Marking Bits: (CMBitMap*) 0x0000000104864ed0
 Bits: [0x000000012bd30000, 0x000000012fd30000)

Polling page: 0x0000000104184000

Metaspace:
Metaspace        used 22161K, committed 22592K, reserved 1114112K
 class space     used 2816K, committed 3008K, reserved 1048576K

Usage:
  Non-class:     18.89 MB used.
      Class:      2.75 MB used.
       Both:     21.64 MB used.

Virtual space:
  Non-class space:       64.00 MB reserved,      19.12 MB ( 30%) committed,  1 nodes.
      Class space:        1.00 GB reserved,       2.94 MB ( <1%) committed,  1 nodes.
             Both:        1.06 GB reserved,      22.06 MB (  2%) committed. 

Chunk freelists:
   Non-Class:  12.37 MB
       Class:  13.00 MB
        Both:  25.37 MB

MaxMetaspaceSize: unlimited
CompressedClassSpaceSize: 1.00 GB
Initial GC threshold: 21.00 MB
Current GC threshold: 35.25 MB
CDS: on
 - commit_granule_bytes: 65536.
 - commit_granule_words: 8192.
 - virtual_space_node_default_size: 8388608.
 - enlarge_chunks_in_place: 1.
UseCompressedClassPointers 1, UseCompactObjectHeaders 0
Narrow klass pointer bits 32, Max shift 3
Narrow klass base: 0x0000300000000000, Narrow klass shift: 0
Encoding Range: [0x0000300000000000 - 0x0000300100000000), (4294967296 bytes)
Klass Range:    [0x0000300000000000 - 0x0000300041000000), (1090519040 bytes)
Klass ID Range:  [8 - 1090519033) (1090519025)
Protection zone: [0x0000300000000000 - 0x0000300000004000), (16384 bytes)


Internal statistics:

num_allocs_failed_limit: 3.
num_arena_births: 346.
num_arena_deaths: 0.
num_vsnodes_births: 2.
num_vsnodes_deaths: 0.
num_space_committed: 353.
num_space_uncommitted: 0.
num_chunks_returned_to_freelist: 3.
num_chunks_taken_from_freelist: 1019.
num_chunk_merges: 3.
num_chunk_splits: 669.
num_chunks_enlarged: 493.
num_inconsistent_stats: 0.

CodeHeap 'non-profiled nmethods': size=119184Kb used=1595Kb max_used=1595Kb free=117588Kb
 bounds [0x00000001240cc000, 0x000000012433c000, 0x000000012b530000]
CodeHeap 'profiled nmethods': size=119152Kb used=5698Kb max_used=5698Kb free=113453Kb
 bounds [0x000000011c530000, 0x000000011cad0000, 0x000000012398c000]
CodeHeap 'non-nmethods': size=7424Kb used=3103Kb max_used=3179Kb free=4320Kb
 bounds [0x000000012398c000, 0x0000000123cbc000, 0x00000001240cc000]
CodeCache: size=245760Kb, used=10396Kb, max_used=10472Kb, free=235361Kb
 total_blobs=4610, nmethods=3970, adapters=545, full_count=0
Compilation: enabled, stopped_count=0, restarted_count=0

Compilation events (20 events):
Event: 1.302 Thread 0x00000007938d3200 nmethod 4001 0x000000011cabd588 code [0x000000011cabd680, 0x000000011cabe620]
Event: 1.303 Thread 0x000000079983d400 nmethod 4000 0x00000001242565c8 code [0x00000001242566c0, 0x00000001242569e8]
Event: 1.303 Thread 0x00000007938d2800 4003       3       java.lang.String::charAt (25 bytes)
Event: 1.303 Thread 0x00000007938d1400 4004       4       java.lang.StringLatin1::charAt (15 bytes)
Event: 1.303 Thread 0x00000007938d2800 nmethod 4003 0x000000011cabe648 code [0x000000011cabe740, 0x000000011cabed38]
Event: 1.303 Thread 0x00000007938d1400 nmethod 4004 0x0000000124256c88 code [0x0000000124256d80, 0x0000000124256e50]
Event: 1.304 Thread 0x0000000798b11e00 nmethod 4002 0x0000000124257008 code [0x0000000124257100, 0x0000000124257610]
Event: 1.305 Thread 0x00000007967d4000 4007       3       sun.misc.Unsafe::beforeMemoryAccess (30 bytes)
Event: 1.305 Thread 0x00000007938d2800 4008       3       sun.misc.Unsafe::isMemoryAccessWarned (13 bytes)
Event: 1.305 Thread 0x00000007938d2800 nmethod 4008 0x000000011cabed48 code [0x000000011cabee40, 0x000000011cabef48]
Event: 1.305 Thread 0x00000007967d4000 nmethod 4007 0x000000011cabef88 code [0x000000011cabf080, 0x000000011cabf2b0]
Event: 1.307 Thread 0x00000007938d3200 4011       3       jdk.internal.classfile.impl.DirectCodeBuilder::invokestatic (22 bytes)
Event: 1.307 Thread 0x0000000798b11e00 4012       4       jdk.internal.classfile.impl.SplitConstantPool::utf8Entry (25 bytes)
Event: 1.307 Thread 0x0000000799848a00 4013       4       jdk.internal.classfile.impl.DirectMethodBuilder::methodTypeSymbol (8 bytes)
Event: 1.307 Thread 0x00000007938d3200 nmethod 4011 0x000000011cabf2c8 code [0x000000011cabf3c0, 0x000000011cabf8c0]
Event: 1.307 Thread 0x00000007967d4000 4014       3       java.lang.invoke.LambdaFormBuffer::changeName (149 bytes)
Event: 1.307 Thread 0x00000007967d4000 nmethod 4014 0x000000011cabf8c8 code [0x000000011cabf9c0, 0x000000011cabffd0]
Event: 1.307 Thread 0x0000000799848a00 nmethod 4013 0x0000000124257a48 code [0x0000000124257b40, 0x0000000124257c60]
Event: 1.307 Thread 0x00000007938d3200 4016       3       org.lwjgl.system.MemoryUtil::write8 (19 bytes)
Event: 1.307 Thread 0x00000007938d2800 4017       3       sun.misc.Unsafe::putByte (14 bytes)

GC Heap Usage History (20 events):
Event: 0.056 {heap Before GC invocations=1 (full 0):
 garbage-first heap   total reserved 4194304K, committed 10240K, used 3477K [0x0000000300800000, 0x0000000400800000)
  region size 2M, 1 eden (2M), 1 survivor (2M), 2 old (4M), 0 humongous (0M), 1 free (2M)
}
Event: 0.056 {heap After GC invocations=2 (full 0):
 garbage-first heap   total reserved 4194304K, committed 12288K, used 4957K [0x0000000300800000, 0x0000000400800000)
  region size 2M, 0 eden (0M), 1 survivor (2M), 3 old (6M), 0 humongous (0M), 2 free (4M)
}
Event: 0.065 {heap Before GC invocations=2 (full 0):
 garbage-first heap   total reserved 4194304K, committed 12288K, used 7005K [0x0000000300800000, 0x0000000400800000)
  region size 2M, 1 eden (2M), 1 survivor (2M), 3 old (6M), 0 humongous (0M), 1 free (2M)
}
Event: 0.065 {heap After GC invocations=3 (full 0):
 garbage-first heap   total reserved 4194304K, committed 36864K, used 5250K [0x0000000300800000, 0x0000000400800000)
  region size 2M, 0 eden (0M), 1 survivor (2M), 3 old (6M), 0 humongous (0M), 14 free (28M)
}
Event: 0.155 {heap Before GC invocations=3 (full 0):
 garbage-first heap   total reserved 4194304K, committed 36864K, used 15490K [0x0000000300800000, 0x0000000400800000)
  region size 2M, 6 eden (12M), 1 survivor (2M), 3 old (6M), 0 humongous (0M), 8 free (16M)
}
Event: 0.156 {heap After GC invocations=4 (full 0):
 garbage-first heap   total reserved 4194304K, committed 36864K, used 7819K [0x0000000300800000, 0x0000000400800000)
  region size 2M, 0 eden (0M), 1 survivor (2M), 4 old (8M), 0 humongous (0M), 13 free (26M)
}
Event: 0.214 {heap Before GC invocations=4 (full 0):
 garbage-first heap   total reserved 4194304K, committed 36864K, used 18059K [0x0000000300800000, 0x0000000400800000)
  region size 2M, 5 eden (10M), 1 survivor (2M), 4 old (8M), 0 humongous (0M), 8 free (16M)
}
Event: 0.215 {heap After GC invocations=5 (full 0):
 garbage-first heap   total reserved 4194304K, committed 36864K, used 9546K [0x0000000300800000, 0x0000000400800000)
  region size 2M, 0 eden (0M), 1 survivor (2M), 5 old (10M), 0 humongous (0M), 12 free (24M)
}
Event: 0.272 {heap Before GC invocations=5 (full 0):
 garbage-first heap   total reserved 4194304K, committed 36864K, used 19786K [0x0000000300800000, 0x0000000400800000)
  region size 2M, 6 eden (12M), 1 survivor (2M), 5 old (10M), 0 humongous (0M), 6 free (12M)
}
Event: 0.273 {heap After GC invocations=6 (full 0):
 garbage-first heap   total reserved 4194304K, committed 36864K, used 10055K [0x0000000300800000, 0x0000000400800000)
  region size 2M, 0 eden (0M), 1 survivor (2M), 5 old (10M), 0 humongous (0M), 12 free (24M)
}
Event: 0.341 {heap Before GC invocations=6 (full 0):
 garbage-first heap   total reserved 4194304K, committed 36864K, used 22343K [0x0000000300800000, 0x0000000400800000)
  region size 2M, 6 eden (12M), 1 survivor (2M), 5 old (10M), 0 humongous (0M), 6 free (12M)
}
Event: 0.343 {heap After GC invocations=7 (full 0):
 garbage-first heap   total reserved 4194304K, committed 110592K, used 10843K [0x0000000300800000, 0x0000000400800000)
  region size 2M, 0 eden (0M), 1 survivor (2M), 6 old (12M), 0 humongous (0M), 47 free (94M)
}
Event: 1.047 {heap Before GC invocations=7 (full 0):
 garbage-first heap   total reserved 4194304K, committed 110592K, used 64091K [0x0000000300800000, 0x0000000400800000)
  region size 2M, 27 eden (54M), 1 survivor (2M), 6 old (12M), 0 humongous (0M), 20 free (40M)
}
Event: 1.051 {heap After GC invocations=8 (full 0):
 garbage-first heap   total reserved 4194304K, committed 110592K, used 16604K [0x0000000300800000, 0x0000000400800000)
  region size 2M, 0 eden (0M), 4 survivor (8M), 6 old (12M), 0 humongous (0M), 44 free (88M)
}
Event: 1.166 {heap Before GC invocations=8 (full 0):
 garbage-first heap   total reserved 4194304K, committed 110592K, used 73948K [0x0000000300800000, 0x0000000400800000)
  region size 2M, 28 eden (56M), 4 survivor (8M), 6 old (12M), 0 humongous (0M), 16 free (32M)
}
Event: 1.169 {heap After GC invocations=9 (full 0):
 garbage-first heap   total reserved 4194304K, committed 110592K, used 17211K [0x0000000300800000, 0x0000000400800000)
  region size 2M, 0 eden (0M), 1 survivor (2M), 8 old (16M), 0 humongous (0M), 45 free (90M)
}
Event: 1.238 {heap Before GC invocations=9 (full 0):
 garbage-first heap   total reserved 4194304K, committed 110592K, used 80699K [0x0000000300800000, 0x0000000400800000)
  region size 2M, 31 eden (62M), 1 survivor (2M), 8 old (16M), 0 humongous (0M), 14 free (28M)
}
Event: 1.239 {heap After GC invocations=10 (full 0):
 garbage-first heap   total reserved 4194304K, committed 110592K, used 17217K [0x0000000300800000, 0x0000000400800000)
  region size 2M, 0 eden (0M), 1 survivor (2M), 8 old (16M), 0 humongous (0M), 45 free (90M)
}
Event: 1.258 {heap Before GC invocations=10 (full 0):
 garbage-first heap   total reserved 4194304K, committed 110592K, used 31553K [0x0000000300800000, 0x0000000400800000)
  region size 2M, 8 eden (16M), 1 survivor (2M), 8 old (16M), 0 humongous (0M), 37 free (74M)
}
Event: 1.259 {heap After GC invocations=11 (full 0):
 garbage-first heap   total reserved 4194304K, committed 110592K, used 15566K [0x0000000300800000, 0x0000000400800000)
  region size 2M, 0 eden (0M), 1 survivor (2M), 8 old (16M), 0 humongous (0M), 45 free (90M)
}

Metaspace Usage History (20 events):
Event: 0.056 {metaspace Before GC invocations=1 (full 0):
 Metaspace       used 405K, committed 640K, reserved 1114112K
  class space    used 9K, committed 128K, reserved 1048576K
}
Event: 0.056 {metaspace After GC invocations=2 (full 0):
 Metaspace       used 405K, committed 640K, reserved 1114112K
  class space    used 9K, committed 128K, reserved 1048576K
}
Event: 0.065 {metaspace Before GC invocations=2 (full 0):
 Metaspace       used 430K, committed 640K, reserved 1114112K
  class space    used 9K, committed 128K, reserved 1048576K
}
Event: 0.065 {metaspace After GC invocations=3 (full 0):
 Metaspace       used 430K, committed 640K, reserved 1114112K
  class space    used 9K, committed 128K, reserved 1048576K
}
Event: 0.155 {metaspace Before GC invocations=3 (full 0):
 Metaspace       used 4055K, committed 4160K, reserved 1114112K
  class space    used 410K, committed 448K, reserved 1048576K
}
Event: 0.156 {metaspace After GC invocations=4 (full 0):
 Metaspace       used 4055K, committed 4160K, reserved 1114112K
  class space    used 410K, committed 448K, reserved 1048576K
}
Event: 0.214 {metaspace Before GC invocations=4 (full 0):
 Metaspace       used 5501K, committed 5696K, reserved 1114112K
  class space    used 594K, committed 704K, reserved 1048576K
}
Event: 0.215 {metaspace After GC invocations=5 (full 0):
 Metaspace       used 5501K, committed 5696K, reserved 1114112K
  class space    used 594K, committed 704K, reserved 1048576K
}
Event: 0.272 {metaspace Before GC invocations=5 (full 0):
 Metaspace       used 7359K, committed 7616K, reserved 1114112K
  class space    used 909K, committed 1024K, reserved 1048576K
}
Event: 0.273 {metaspace After GC invocations=6 (full 0):
 Metaspace       used 7359K, committed 7616K, reserved 1114112K
  class space    used 909K, committed 1024K, reserved 1048576K
}
Event: 0.341 {metaspace Before GC invocations=6 (full 0):
 Metaspace       used 9137K, committed 9408K, reserved 1114112K
  class space    used 1184K, committed 1344K, reserved 1048576K
}
Event: 0.343 {metaspace After GC invocations=7 (full 0):
 Metaspace       used 9137K, committed 9408K, reserved 1114112K
  class space    used 1184K, committed 1344K, reserved 1048576K
}
Event: 1.047 {metaspace Before GC invocations=7 (full 0):
 Metaspace       used 19259K, committed 19584K, reserved 1114112K
  class space    used 2373K, committed 2496K, reserved 1048576K
}
Event: 1.051 {metaspace After GC invocations=8 (full 0):
 Metaspace       used 19259K, committed 19584K, reserved 1114112K
  class space    used 2373K, committed 2496K, reserved 1048576K
}
Event: 1.166 {metaspace Before GC invocations=8 (full 0):
 Metaspace       used 21037K, committed 21376K, reserved 1114112K
  class space    used 2673K, committed 2816K, reserved 1048576K
}
Event: 1.169 {metaspace After GC invocations=9 (full 0):
 Metaspace       used 21037K, committed 21376K, reserved 1114112K
  class space    used 2673K, committed 2816K, reserved 1048576K
}
Event: 1.238 {metaspace Before GC invocations=9 (full 0):
 Metaspace       used 21037K, committed 21376K, reserved 1114112K
  class space    used 2673K, committed 2816K, reserved 1048576K
}
Event: 1.239 {metaspace After GC invocations=10 (full 0):
 Metaspace       used 21037K, committed 21376K, reserved 1114112K
  class space    used 2673K, committed 2816K, reserved 1048576K
}
Event: 1.258 {metaspace Before GC invocations=10 (full 0):
 Metaspace       used 21244K, committed 21504K, reserved 1114112K
  class space    used 2693K, committed 2816K, reserved 1048576K
}
Event: 1.259 {metaspace After GC invocations=11 (full 0):
 Metaspace       used 21244K, committed 21504K, reserved 1114112K
  class space    used 2693K, committed 2816K, reserved 1048576K
}

Dll operation events (20 events):
Event: 0.604 Attempting to load shared library /Network/Library/Java/Extensions/liblz4-java.jnilib
Event: 0.605 Loading shared library /Network/Library/Java/Extensions/liblz4-java.jnilib failed, dlopen(/Network/Library/Java/Extensions/liblz4-java.jnilib, 0x0001): tried: '/Network/Library/Java/Extensions/liblz4-java.jnilib' (no such file), '/System/Volumes/Preboot/C
Event: 0.605 Attempting to load shared library /System/Library/Java/Extensions/liblz4-java.dylib
Event: 0.605 Loading shared library /System/Library/Java/Extensions/liblz4-java.dylib failed, dlopen(/System/Library/Java/Extensions/liblz4-java.dylib, 0x0001): tried: '/System/Library/Java/Extensions/liblz4-java.dylib' (no such file), '/System/Volumes/Preboot/Cryptex
Event: 0.605 Attempting to load shared library /System/Library/Java/Extensions/liblz4-java.jnilib
Event: 0.605 Loading shared library /System/Library/Java/Extensions/liblz4-java.jnilib failed, dlopen(/System/Library/Java/Extensions/liblz4-java.jnilib, 0x0001): tried: '/System/Library/Java/Extensions/liblz4-java.jnilib' (no such file), '/System/Volumes/Preboot/Cryp
Event: 0.606 Attempting to load shared library /usr/lib/java/liblz4-java.dylib
Event: 0.606 Loading shared library /usr/lib/java/liblz4-java.dylib failed, dlopen(/usr/lib/java/liblz4-java.dylib, 0x0001): tried: '/usr/lib/java/liblz4-java.dylib' (no such file), '/System/Volumes/Preboot/Cryptexes/OS/usr/lib/java/liblz4-java.dylib' (no such file), 
Event: 0.606 Attempting to load shared library /usr/lib/java/liblz4-java.jnilib
Event: 0.606 Loading shared library /usr/lib/java/liblz4-java.jnilib failed, dlopen(/usr/lib/java/liblz4-java.jnilib, 0x0001): tried: '/usr/lib/java/liblz4-java.jnilib' (no such file), '/System/Volumes/Preboot/Cryptexes/OS/usr/lib/java/liblz4-java.jnilib' (no such fil
Event: 0.606 Attempting to load shared library /Users/havardottestad/Documents/Programming/rdf4j/core/sail/lmdb/liblz4-java.dylib
Event: 0.606 Loading shared library /Users/havardottestad/Documents/Programming/rdf4j/core/sail/lmdb/liblz4-java.dylib failed, dlopen(/Users/havardottestad/Documents/Programming/rdf4j/core/sail/lmdb/liblz4-java.dylib, 0x0001): tried: '/Users/havardottestad/Documents/P
Event: 0.606 Attempting to load shared library /Users/havardottestad/Documents/Programming/rdf4j/core/sail/lmdb/liblz4-java.jnilib
Event: 0.606 Loading shared library /Users/havardottestad/Documents/Programming/rdf4j/core/sail/lmdb/liblz4-java.jnilib failed, dlopen(/Users/havardottestad/Documents/Programming/rdf4j/core/sail/lmdb/liblz4-java.jnilib, 0x0001): tried: '/Users/havardottestad/Documents
Event: 0.608 Attempting to load shared library /private/var/folders/0m/x3jzy4t15djd88znchzzx1_h0000gn/T/liblz4-java-15167316417978543096.dylib
Event: 0.960 Loaded shared library /private/var/folders/0m/x3jzy4t15djd88znchzzx1_h0000gn/T/liblz4-java-15167316417978543096.dylib
Event: 1.286 Attempting to load shared library /private/var/folders/0m/x3jzy4t15djd88znchzzx1_h0000gn/T/lwjgl_havardottestad/3.3.6+1/arm64/liblwjgl.dylib
Event: 1.287 Loaded shared library /private/var/folders/0m/x3jzy4t15djd88znchzzx1_h0000gn/T/lwjgl_havardottestad/3.3.6+1/arm64/liblwjgl.dylib
Event: 1.298 Attempting to load shared library /private/var/folders/0m/x3jzy4t15djd88znchzzx1_h0000gn/T/lwjgl_havardottestad/3.3.6+1/arm64/liblwjgl_lmdb.dylib
Event: 1.298 Loaded shared library /private/var/folders/0m/x3jzy4t15djd88znchzzx1_h0000gn/T/lwjgl_havardottestad/3.3.6+1/arm64/liblwjgl_lmdb.dylib

Deoptimization events (20 events):
Event: 1.302 Thread 0x0000000104859130 DEOPT PACKING pc=0x000000012421acf4 sp=0x000000016bf2dca0
Event: 1.302 Thread 0x0000000104859130 DEOPT UNPACKING pc=0x0000000123a9f65c sp=0x000000016bf2db90 mode 2
Event: 1.302 Thread 0x0000000104859130 Uncommon trap: trap_request=0xffffff45 fr.pc=0x00000001240d59cc relative=0x00000000000000cc
Event: 1.302 Thread 0x0000000104859130 Uncommon trap: reason=unstable_if action=reinterpret pc=0x00000001240d59cc method=java.lang.String.isLatin1()Z @ 10 c2
Event: 1.302 Thread 0x0000000104859130 DEOPT PACKING pc=0x00000001240d59cc sp=0x000000016bf2e300
Event: 1.302 Thread 0x0000000104859130 DEOPT UNPACKING pc=0x0000000123a9f65c sp=0x000000016bf2e240 mode 2
Event: 1.303 Thread 0x0000000104859130 DEOPT PACKING pc=0x000000011c607eac sp=0x000000016bf2e5e0
Event: 1.303 Thread 0x0000000104859130 DEOPT UNPACKING pc=0x00000001239c93bc sp=0x000000016bf2e2e0 mode 3
Event: 1.303 Thread 0x0000000104859130 Uncommon trap: trap_request=0xffffffd6 fr.pc=0x0000000124255f38 relative=0x0000000000000438
Event: 1.303 Thread 0x0000000104859130 Uncommon trap: reason=array_check action=maybe_recompile pc=0x0000000124255f38 method=jdk.internal.classfile.impl.AttributeHolder.withAttribute(Ljava/lang/classfile/Attribute;)V @ 115 c2
Event: 1.303 Thread 0x0000000104859130 DEOPT PACKING pc=0x0000000124255f38 sp=0x000000016bf2dc30
Event: 1.303 Thread 0x0000000104859130 DEOPT UNPACKING pc=0x0000000123a9f65c sp=0x000000016bf2dbb0 mode 2
Event: 1.303 Thread 0x0000000104859130 Uncommon trap: trap_request=0xffffffd6 fr.pc=0x0000000124255f38 relative=0x0000000000000438
Event: 1.303 Thread 0x0000000104859130 Uncommon trap: reason=array_check action=maybe_recompile pc=0x0000000124255f38 method=jdk.internal.classfile.impl.AttributeHolder.withAttribute(Ljava/lang/classfile/Attribute;)V @ 115 c2
Event: 1.303 Thread 0x0000000104859130 DEOPT PACKING pc=0x0000000124255f38 sp=0x000000016bf2d830
Event: 1.303 Thread 0x0000000104859130 DEOPT UNPACKING pc=0x0000000123a9f65c sp=0x000000016bf2d7b0 mode 2
Event: 1.303 Thread 0x0000000104859130 Uncommon trap: trap_request=0xffffff66 fr.pc=0x0000000124256008 relative=0x0000000000000508
Event: 1.303 Thread 0x0000000104859130 Uncommon trap: reason=loop_limit_check action=maybe_recompile pc=0x0000000124256008 method=jdk.internal.classfile.impl.AttributeHolder.withAttribute(Ljava/lang/classfile/Attribute;)V @ 39 c2
Event: 1.303 Thread 0x0000000104859130 DEOPT PACKING pc=0x0000000124256008 sp=0x000000016bf2d8a0
Event: 1.303 Thread 0x0000000104859130 DEOPT UNPACKING pc=0x0000000123a9f65c sp=0x000000016bf2d820 mode 2

Classes loaded (20 events):
Event: 1.294 Loading class java/util/stream/WhileOps$1Op
Event: 1.294 Loading class java/util/stream/WhileOps$DropWhileOp
Event: 1.294 Loading class java/util/stream/WhileOps$DropWhileOp done
Event: 1.294 Loading class java/util/stream/WhileOps$1Op done
Event: 1.294 Loading class java/util/stream/WhileOps$1Op$1OpSink
Event: 1.294 Loading class java/util/stream/WhileOps$DropWhileSink
Event: 1.294 Loading class java/util/stream/WhileOps$DropWhileSink done
Event: 1.294 Loading class java/util/stream/WhileOps$1Op$1OpSink done
Event: 1.296 Loading class java/nio/InvalidMarkException
Event: 1.296 Loading class java/nio/InvalidMarkException done
Event: 1.296 Loading class java/nio/BufferUnderflowException
Event: 1.296 Loading class java/nio/BufferUnderflowException done
Event: 1.300 Loading class jdk/internal/module/ModulePatcher$PatchedModuleReader
Event: 1.300 Loading class jdk/internal/module/ModulePatcher$PatchedModuleReader done
Event: 1.300 Loading class sun/net/www/protocol/jrt/Handler
Event: 1.300 Loading class sun/net/www/protocol/jrt/Handler done
Event: 1.302 Loading class sun/text/resources/cldr/FormatData_en
Event: 1.302 Loading class sun/text/resources/cldr/FormatData_en done
Event: 1.302 Loading class sun/text/resources/cldr/FormatData_en_US
Event: 1.302 Loading class sun/text/resources/cldr/FormatData_en_US done

Classes unloaded (0 events):
No events

Classes redefined (0 events):
No events

Internal exceptions (20 events):
Event: 1.023 Thread 0x0000000104859130 Exception <a 'java/lang/NoSuchMethodError'{0x00000003041b9288}: 'void java.lang.invoke.DelegatingMethodHandle$Holder.reinvoke_L(java.lang.Object, java.lang.Object, int)'> (0x00000003041b9288) 
thrown [src/hotspot/share/interpreter/linkResolver.cpp, line 804]
Event: 1.023 Thread 0x0000000104859130 Exception <a 'java/lang/NoSuchMethodError'{0x00000003041ca338}: 'void java.lang.invoke.Invokers$Holder.invokeExact_MT(java.lang.Object, java.lang.Object, int, java.lang.Object)'> (0x00000003041ca338) 
thrown [src/hotspot/share/interpreter/linkResolver.cpp, line 804]
Event: 1.089 Thread 0x0000000104859130 Exception <a 'java/lang/NoSuchMethodError'{0x0000000305ddc800}: 'int java.lang.invoke.DirectMethodHandle$Holder.invokeInterface(java.lang.Object, java.lang.Object)'> (0x0000000305ddc800) 
thrown [src/hotspot/share/interpreter/linkResolver.cpp, line 804]
Event: 1.089 Thread 0x0000000104859130 Exception <a 'java/lang/IncompatibleClassChangeError'{0x0000000305de50c8}: Found class java.lang.Object, but interface was expected> (0x0000000305de50c8) 
thrown [src/hotspot/share/interpreter/linkResolver.cpp, line 871]
Event: 1.095 Thread 0x0000000104859130 Implicit null exception at 0x000000012413a6f4 to 0x000000012413a998
Event: 1.274 Thread 0x0000000104859130 Exception <a 'sun/nio/fs/UnixException'{0x0000000306f26f00}> (0x0000000306f26f00) 
thrown [src/hotspot/share/prims/jni.cpp, line 514]
Event: 1.275 Thread 0x0000000104859130 Exception <a 'sun/nio/fs/UnixException'{0x0000000306f2bee0}> (0x0000000306f2bee0) 
thrown [src/hotspot/share/prims/jni.cpp, line 514]
Event: 1.276 Thread 0x0000000104859130 Exception <a 'sun/nio/fs/UnixException'{0x0000000306f31158}> (0x0000000306f31158) 
thrown [src/hotspot/share/prims/jni.cpp, line 514]
Event: 1.281 Thread 0x0000000104859130 Exception <a 'java/lang/NoSuchMethodError'{0x0000000306ffea60}: 'void java.lang.System.load(java.lang.String, java.lang.Class)'> (0x0000000306ffea60) 
thrown [src/hotspot/share/interpreter/linkResolver.cpp, line 804]
Event: 1.282 Thread 0x0000000104859130 Implicit null exception at 0x00000001241b4f0c to 0x00000001241b5058
Event: 1.282 Thread 0x0000000104859130 Exception <a 'java/lang/NoSuchMethodError'{0x0000000306c308e8}: 'void java.lang.System.loadLibrary(java.lang.String, java.lang.Class)'> (0x0000000306c308e8) 
thrown [src/hotspot/share/interpreter/linkResolver.cpp, line 804]
Event: 1.293 Thread 0x0000000104859130 Exception <a 'java/lang/NoSuchMethodError'{0x0000000306cae0b0}: 'int java.lang.invoke.DirectMethodHandle$Holder.invokeStaticInit(java.lang.Object, java.lang.Object, int, long)'> (0x0000000306cae0b0) 
thrown [src/hotspot/share/interpreter/linkResolver.cpp, line 804]
Event: 1.295 Thread 0x0000000104859130 Exception <a 'java/lang/NoSuchMethodError'{0x0000000306cdf6c8}: 'int java.lang.invoke.DirectMethodHandle$Holder.invokeStaticInit(java.lang.Object, java.lang.Object, long, long)'> (0x0000000306cdf6c8) 
thrown [src/hotspot/share/interpreter/linkResolver.cpp, line 804]
Event: 1.295 Thread 0x0000000104859130 Exception <a 'java/lang/NoSuchMethodError'{0x0000000306cef108}: 'java.lang.Object java.lang.invoke.DirectMethodHandle$Holder.newInvokeSpecial(java.lang.Object, java.lang.Object, long)'> (0x0000000306cef108) 
thrown [src/hotspot/share/interpreter/linkResolver.cpp, line 804]
Event: 1.295 Thread 0x0000000104859130 Exception <a 'java/lang/NoSuchMethodError'{0x0000000306cf80f8}: 'java.lang.Object java.lang.invoke.Invokers$Holder.linkToTargetMethod(java.lang.Object, long, java.lang.Object)'> (0x0000000306cf80f8) 
thrown [src/hotspot/share/interpreter/linkResolver.cpp, line 804]
Event: 1.296 Thread 0x0000000104859130 Exception <a 'java/lang/NoSuchMethodError'{0x0000000306d091f0}: 'int java.lang.invoke.DirectMethodHandle$Holder.invokeStaticInit(java.lang.Object, java.lang.Object, java.lang.Object, long)'> (0x0000000306d091f0) 
thrown [src/hotspot/share/interpreter/linkResolver.cpp, line 804]
Event: 1.296 Thread 0x0000000104859130 Exception <a 'java/lang/NoSuchMethodError'{0x0000000306d2cfa8}: 'void java.lang.System.load(java.lang.String, java.lang.Class)'> (0x0000000306d2cfa8) 
thrown [src/hotspot/share/interpreter/linkResolver.cpp, line 804]
Event: 1.296 Thread 0x0000000104859130 Exception <a 'java/lang/NoSuchMethodError'{0x0000000306d35550}: 'void java.lang.System.loadLibrary(java.lang.String, java.lang.Class)'> (0x0000000306d35550) 
thrown [src/hotspot/share/interpreter/linkResolver.cpp, line 804]
Event: 1.302 Thread 0x0000000104859130 Implicit null exception at 0x000000012421a934 to 0x000000012421ace4
Event: 1.307 Thread 0x0000000104859130 Exception <a 'java/lang/NoSuchMethodError'{0x0000000306a26428}: 'java.lang.Object java.lang.invoke.DirectMethodHandle$Holder.invokeStatic(java.lang.Object, java.lang.Object, java.lang.Object, java.lang.Object, long)'> (0x0000000306a26428) 
thrown [src/hotspot/share/interpreter/linkResolver.cpp, line 804]

VM Operations (20 events):
Event: 0.446 Executing non-safepoint VM operation: HandshakeAllThreads (Deoptimize)
Event: 0.446 Executing non-safepoint VM operation: HandshakeAllThreads (Deoptimize) done
Event: 0.450 Executing non-safepoint VM operation: HandshakeAllThreads (Deoptimize)
Event: 0.450 Executing non-safepoint VM operation: HandshakeAllThreads (Deoptimize) done
Event: 0.505 Executing non-safepoint VM operation: HandshakeAllThreads (Deoptimize)
Event: 0.505 Executing non-safepoint VM operation: HandshakeAllThreads (Deoptimize) done
Event: 0.977 Executing non-safepoint VM operation: HandshakeAllThreads (Deoptimize)
Event: 0.977 Executing non-safepoint VM operation: HandshakeAllThreads (Deoptimize) done
Event: 1.047 Executing safepoint VM operation: G1CollectForAllocation (G1 Evacuation Pause)
Event: 1.051 Executing safepoint VM operation: G1CollectForAllocation (G1 Evacuation Pause) done
Event: 1.165 Executing safepoint VM operation: G1CollectForAllocation (G1 Evacuation Pause)
Event: 1.169 Executing safepoint VM operation: G1CollectForAllocation (G1 Evacuation Pause) done
Event: 1.238 Executing safepoint VM operation: G1CollectForAllocation (G1 Evacuation Pause)
Event: 1.239 Executing safepoint VM operation: G1CollectForAllocation (G1 Evacuation Pause) done
Event: 1.258 Executing safepoint VM operation: CollectForMetadataAllocation (Metadata GC Threshold)
Event: 1.259 Executing safepoint VM operation: CollectForMetadataAllocation (Metadata GC Threshold) done
Event: 1.262 Executing safepoint VM operation: G1PauseRemark
Event: 1.264 Executing safepoint VM operation: G1PauseRemark done
Event: 1.265 Executing safepoint VM operation: G1PauseCleanup
Event: 1.265 Executing safepoint VM operation: G1PauseCleanup done

Memory protections (20 events):
Event: 0.024 Protecting memory [0x000000016df08000,0x000000016df14000] with protection modes 0
Event: 0.024 Protecting memory [0x000000016e114000,0x000000016e120000] with protection modes 0
Event: 0.027 Protecting memory [0x000000016e320000,0x000000016e32c000] with protection modes 0
Event: 0.030 Protecting memory [0x000000016e52c000,0x000000016e538000] with protection modes 0
Event: 0.071 Protecting memory [0x000000016e944000,0x000000016e950000] with protection modes 0
Event: 0.093 Protecting memory [0x000000016eb50000,0x000000016eb5c000] with protection modes 0
Event: 0.096 Protecting memory [0x000000016ed5c000,0x000000016ed68000] with protection modes 0
Event: 0.137 Protecting memory [0x000000016ef68000,0x000000016ef74000] with protection modes 0
Event: 0.180 Protecting memory [0x000000016f380000,0x000000016f38c000] with protection modes 0
Event: 0.297 Protecting memory [0x000000016f9a4000,0x000000016f9b0000] with protection modes 0
Event: 0.459 Protecting memory [0x000000016ffc8000,0x000000016ffd4000] with protection modes 0
Event: 0.497 Protecting memory [0x00000001701d4000,0x00000001701e0000] with protection modes 0
Event: 0.602 Protecting memory [0x000000016ffc8000,0x000000016ffd4000] with protection modes 3
Event: 0.724 Protecting memory [0x000000016f9a4000,0x000000016f9b0000] with protection modes 3
Event: 0.829 Protecting memory [0x000000016ef68000,0x000000016ef74000] with protection modes 3
Event: 1.041 Protecting memory [0x000000016ef68000,0x000000016ef74000] with protection modes 0
Event: 1.046 Protecting memory [0x000000016f9a4000,0x000000016f9b0000] with protection modes 0
Event: 1.046 Protecting memory [0x000000016ffc8000,0x000000016ffd4000] with protection modes 0
Event: 1.054 Protecting memory [0x0000000170a04000,0x0000000170a10000] with protection modes 0
Event: 1.066 Protecting memory [0x0000000170c10000,0x0000000170c1c000] with protection modes 0

Nmethod flushes (0 events):
No events

Events (20 events):
Event: 0.024 Thread 0x00000007938d1e00 Thread added: 0x00000007938d2800
Event: 0.024 Thread 0x00000007938d1e00 Thread added: 0x00000007938d3200
Event: 0.027 Thread 0x00000007938d2800 Thread added: 0x0000000793adc000
Event: 0.030 Thread 0x0000000104859130 Thread added: 0x00000007928fe000
Event: 0.071 Thread 0x0000000104859130 Thread added: 0x00000007928ff800
Event: 0.093 Thread 0x0000000104859130 Thread added: 0x00000007929cc000
Event: 0.096 Thread 0x0000000104859130 Thread added: 0x00000007929cd800
Event: 0.137 Thread 0x00000007938d1400 Thread added: 0x0000000796063200
Event: 0.180 Thread 0x00000007938d1400 Thread added: 0x00000007967d4000
Event: 0.297 Thread 0x00000007967d4000 Thread added: 0x0000000796894000
Event: 0.459 Thread 0x0000000796894000 Thread added: 0x0000000798b11e00
Event: 0.497 Thread 0x0000000104859130 Thread added: 0x000000079262c800
Event: 0.602 Thread 0x0000000798b11e00 Thread exited: 0x0000000798b11e00
Event: 0.724 Thread 0x0000000796894000 Thread exited: 0x0000000796894000
Event: 0.829 Thread 0x0000000796063200 Thread exited: 0x0000000796063200
Event: 1.041 Thread 0x00000007938d1400 Thread added: 0x000000079983d400
Event: 1.046 Thread 0x00000007938d2800 Thread added: 0x000000079983f200
Event: 1.046 Thread 0x00000007938d2800 Thread added: 0x0000000798b11e00
Event: 1.054 Thread 0x0000000798b11e00 Thread added: 0x0000000799848000
Event: 1.066 Thread 0x00000007938d3200 Thread added: 0x0000000799848a00


Dynamic libraries:
0x0000000104198000 	/Users/havardottestad/.sdkman/candidates/java/26-tem/lib/libjli.dylib
0x00000001a0420000 	/System/Library/Frameworks/ApplicationServices.framework/Versions/A/ApplicationServices
0x000000018a510000 	/System/Library/Frameworks/CoreGraphics.framework/Versions/A/CoreGraphics
0x000000018668e000 	/System/Library/Frameworks/CoreText.framework/Versions/A/CoreText
0x00000001908a7000 	/System/Library/Frameworks/ImageIO.framework/Versions/A/ImageIO
0x000000018ac66000 	/System/Library/Frameworks/ColorSync.framework/Versions/A/ColorSync
0x0000000197802000 	/System/Library/Frameworks/ApplicationServices.framework/Versions/A/Frameworks/ATS.framework/Versions/A/ATS
0x000000019bd46000 	/System/Library/Frameworks/CoreServices.framework/Versions/A/CoreServices
0x000000018ae0e000 	/System/Library/Frameworks/ApplicationServices.framework/Versions/A/Frameworks/HIServices.framework/Versions/A/HIServices
0x0000000195ed0000 	/System/Library/Frameworks/ApplicationServices.framework/Versions/A/Frameworks/PrintCore.framework/Versions/A/PrintCore
0x0000000197bbb000 	/System/Library/Frameworks/ApplicationServices.framework/Versions/A/Frameworks/QD.framework/Versions/A/QD
0x0000000197bb6000 	/System/Library/Frameworks/ApplicationServices.framework/Versions/A/Frameworks/ColorSyncLegacy.framework/Versions/A/ColorSyncLegacy
0x00000001977d4000 	/System/Library/Frameworks/ApplicationServices.framework/Versions/A/Frameworks/SpeechSynthesis.framework/Versions/A/SpeechSynthesis
0x00000001935c2000 	/usr/lib/libSystem.B.dylib
0x0000000189f59000 	/System/Library/PrivateFrameworks/SkyLight.framework/Versions/A/SkyLight
0x000000018b650000 	/System/Library/PrivateFrameworks/ProtocolBuffer.framework/Versions/A/ProtocolBuffer
0x00000001935c6000 	/System/Library/PrivateFrameworks/SoftLinking.framework/Versions/A/SoftLinking
0x000000018746e000 	/usr/lib/libicucore.A.dylib
0x000000018d2fd000 	/System/Library/PrivateFrameworks/CoreAnalytics.framework/Versions/A/CoreAnalytics
0x0000000190282000 	/System/Library/PrivateFrameworks/FontServices.framework/libFontParser.dylib
0x000000019bfc5000 	/System/Library/Frameworks/Accelerate.framework/Versions/A/Accelerate
0x000000018fdb4000 	/System/Library/Frameworks/IOSurface.framework/Versions/A/IOSurface
0x000000018e040000 	/usr/lib/libxml2.2.dylib
0x0000000189aca000 	/System/Library/Frameworks/CFNetwork.framework/Versions/A/CFNetwork
0x00000001837a7000 	/System/Library/Frameworks/CoreFoundation.framework/Versions/A/CoreFoundation
0x0000000185016000 	/System/Library/Frameworks/Foundation.framework/Versions/C/Foundation
0x000000019350c000 	/usr/lib/libz.1.dylib
0x00000001832f4000 	/usr/lib/libobjc.A.dylib
0x0000000183677000 	/usr/lib/libc++.1.dylib
0x000000018704e000 	/System/Library/Frameworks/Security.framework/Versions/A/Security
0x000000023c8e7000 	/System/Library/PrivateFrameworks/CollectionsInternal.framework/Versions/A/CollectionsInternal
0x0000000196eb7000 	/usr/lib/swift/libswiftCore.dylib
0x00000001b1180000 	/usr/lib/swift/libswiftCoreFoundation.dylib
0x000000019dabd000 	/usr/lib/swift/libswiftDispatch.dylib
0x00000001b11e1000 	/usr/lib/swift/libswiftIOKit.dylib
0x00000001a0a97000 	/usr/lib/swift/libswiftObjectiveC.dylib
0x00000001b1193000 	/usr/lib/swift/libswiftXPC.dylib
0x0000000288e76000 	/usr/lib/swift/libswift_Builtin_float.dylib
0x00000002395a3000 	/System/Library/PrivateFrameworks/BiomeLibrary.framework/Versions/A/BiomeLibrary
0x000000018b8f2000 	/System/Library/PrivateFrameworks/BaseBoard.framework/Versions/A/BaseBoard
0x000000019de1e000 	/System/Library/PrivateFrameworks/BoardServices.framework/Versions/A/BoardServices
0x000000019fced000 	/System/Library/PrivateFrameworks/BackBoardServices.framework/Versions/A/BackBoardServices
0x00000002394a8000 	/System/Library/PrivateFrameworks/BackBoardHIDEventFoundation.framework/Versions/A/BackBoardHIDEventFoundation
0x000000018e127000 	/System/Library/Frameworks/CoreVideo.framework/Versions/A/CoreVideo
0x000000018d32d000 	/usr/lib/libDiagnosticMessagesClient.dylib
0x00000001861aa000 	/System/Library/Frameworks/CoreDisplay.framework/Versions/A/CoreDisplay
0x0000000192815000 	/usr/lib/libbsm.0.dylib
0x0000000195829000 	/System/Library/Frameworks/VideoToolbox.framework/Versions/A/VideoToolbox
0x0000000193865000 	/System/Library/Frameworks/MetalPerformanceShaders.framework/Versions/A/MetalPerformanceShaders
0x00000001924c4000 	/System/Library/PrivateFrameworks/IOMobileFramebuffer.framework/Versions/A/IOMobileFramebuffer
0x0000000267837000 	/System/Library/PrivateFrameworks/ProDisplayLibrary.framework/Versions/A/ProDisplayLibrary
0x00000001a3b22000 	/System/Library/PrivateFrameworks/IOSurfaceAccelerator.framework/Versions/A/IOSurfaceAccelerator
0x000000018b9e4000 	/System/Library/PrivateFrameworks/RunningBoardServices.framework/Versions/A/RunningBoardServices
0x0000000184c85000 	/System/Library/Frameworks/SystemConfiguration.framework/Versions/A/SystemConfiguration
0x000000018fddc000 	/System/Library/Frameworks/Metal.framework/Versions/A/Metal
0x000000018fdd1000 	/System/Library/PrivateFrameworks/IOAccelerator.framework/Versions/A/IOAccelerator
0x00000001900e0000 	/System/Library/Frameworks/CoreMedia.framework/Versions/A/CoreMedia
0x0000000189f35000 	/System/Library/PrivateFrameworks/TCC.framework/Versions/A/TCC
0x0000000189e9d000 	/usr/lib/libMobileGestalt.dylib
0x00000001957e1000 	/System/Library/PrivateFrameworks/WatchdogClient.framework/Versions/A/WatchdogClient
0x000000018d857000 	/System/Library/Frameworks/QuartzCore.framework/Versions/A/QuartzCore
0x0000000187ac6000 	/System/Library/Frameworks/IOKit.framework/Versions/A/IOKit
0x000000019386d000 	/usr/lib/libcompression.dylib
0x00000001957e3000 	/System/Library/PrivateFrameworks/MultitouchSupport.framework/Versions/A/MultitouchSupport
0x00000001c9024000 	/usr/lib/swift/libswiftAccelerate.dylib
0x00000001b1160000 	/usr/lib/swift/libswiftCoreAudio.dylib
0x00000001cd1b5000 	/usr/lib/swift/libswiftCoreMedia.dylib
0x00000001bf156000 	/usr/lib/swift/libswiftMetal.dylib
0x00000001ce968000 	/usr/lib/swift/libswiftOSLog.dylib
0x00000001c457c000 	/usr/lib/swift/libswiftQuartzCore.dylib
0x00000001c9014000 	/usr/lib/swift/libswiftUniformTypeIdentifiers.dylib
0x0000000288e5e000 	/usr/lib/swift/libswiftVideoToolbox.dylib
0x00000001a0a9b000 	/usr/lib/swift/libswiftos.dylib
0x00000001b4cda000 	/usr/lib/swift/libswiftsimd.dylib
0x00000001c01c9000 	/System/Library/PrivateFrameworks/BiomeStreams.framework/Versions/A/BiomeStreams
0x00000001c64d7000 	/System/Library/PrivateFrameworks/BiomeStorage.framework/Versions/A/BiomeStorage
0x00000001bc218000 	/System/Library/PrivateFrameworks/BiomeFoundation.framework/Versions/A/BiomeFoundation
0x0000000255ce8000 	/System/Library/PrivateFrameworks/IntelligencePlatformLibrary.framework/Versions/A/IntelligencePlatformLibrary
0x000000018b66c000 	/usr/lib/libsqlite3.dylib
0x00000002665fb000 	/System/Library/PrivateFrameworks/PoirotSchematizer.framework/Versions/A/PoirotSchematizer
0x0000000239e5e000 	/System/Library/PrivateFrameworks/BiomeSync.framework/Versions/A/BiomeSync
0x0000000239589000 	/System/Library/PrivateFrameworks/BiomeDSL.framework/Versions/A/BiomeDSL
0x00000001c6476000 	/System/Library/PrivateFrameworks/BiomePubSub.framework/Versions/A/BiomePubSub
0x00000001b1040000 	/System/Library/PrivateFrameworks/LoggingSupport.framework/Versions/A/LoggingSupport
0x00000001a1a02000 	/System/Library/PrivateFrameworks/ProactiveSupport.framework/Versions/A/ProactiveSupport
0x00000001df631000 	/System/Library/PrivateFrameworks/FeatureFlags.framework/Versions/A/FeatureFlags
0x00000001d7426000 	/System/Library/PrivateFrameworks/InternalSwiftProtobuf.framework/Versions/A/InternalSwiftProtobuf
0x0000000266669000 	/System/Library/PrivateFrameworks/PoirotUDFs.framework/Versions/A/PoirotUDFs
0x0000000288fa7000 	/usr/lib/swift/libswift_StringProcessing.dylib
0x00000001935bc000 	/usr/lib/system/libcache.dylib
0x0000000193577000 	/usr/lib/system/libcommonCrypto.dylib
0x00000001935a2000 	/usr/lib/system/libcompiler_rt.dylib
0x0000000193597000 	/usr/lib/system/libcopyfile.dylib
0x00000001834aa000 	/usr/lib/system/libcorecrypto.dylib
0x00000001835aa000 	/usr/lib/system/libdispatch.dylib
0x0000000183347000 	/usr/lib/system/libdyld.dylib
0x00000001935b2000 	/usr/lib/system/libkeymgr.dylib
0x000000019355a000 	/usr/lib/system/libmacho.dylib
0x00000001927ed000 	/usr/lib/system/libquarantine.dylib
0x00000001935af000 	/usr/lib/system/libremovefile.dylib
0x0000000189f1d000 	/usr/lib/system/libsystem_asl.dylib
0x0000000183430000 	/usr/lib/system/libsystem_blocks.dylib
0x00000001835f5000 	/usr/lib/system/libsystem_c.dylib
0x00000001935a6000 	/usr/lib/system/libsystem_collections.dylib
0x000000019118d000 	/usr/lib/system/libsystem_configuration.dylib
0x000000018fd7b000 	/usr/lib/system/libsystem_containermanager.dylib
0x0000000192f8c000 	/usr/lib/system/libsystem_coreservices.dylib
0x0000000187744000 	/usr/lib/system/libsystem_darwin.dylib
0x0000000289198000 	/usr/lib/system/libsystem_darwindirectory.dylib
0x00000001935b3000 	/usr/lib/system/libsystem_dnssd.dylib
0x000000028919c000 	/usr/lib/system/libsystem_eligibility.dylib
0x00000001835f2000 	/usr/lib/system/libsystem_featureflags.dylib
0x0000000183777000 	/usr/lib/system/libsystem_info.dylib
0x000000019351b000 	/usr/lib/system/libsystem_m.dylib
0x0000000183559000 	/usr/lib/system/libsystem_malloc.dylib
0x0000000189e80000 	/usr/lib/system/libsystem_networkextension.dylib
0x0000000187baf000 	/usr/lib/system/libsystem_notify.dylib
0x0000000191192000 	/usr/lib/system/libsystem_sandbox.dylib
0x00000002891a7000 	/usr/lib/system/libsystem_sanitizers.dylib
0x00000001935ab000 	/usr/lib/system/libsystem_secinit.dylib
0x0000000183723000 	/usr/lib/system/libsystem_kernel.dylib
0x000000018376e000 	/usr/lib/system/libsystem_platform.dylib
0x0000000183761000 	/usr/lib/system/libsystem_pthread.dylib
0x000000018bad6000 	/usr/lib/system/libsystem_symptoms.dylib
0x0000000183489000 	/usr/lib/system/libsystem_trace.dylib
0x00000002891af000 	/usr/lib/system/libsystem_trial.dylib
0x0000000193585000 	/usr/lib/system/libunwind.dylib
0x0000000183434000 	/usr/lib/system/libxpc.dylib
0x0000000183708000 	/usr/lib/libc++abi.dylib
0x0000000287585000 	/usr/lib/libRosetta.dylib
0x0000000288a01000 	/usr/lib/libswiftPrespecialized.dylib
0x000000018dff7000 	/System/Library/PrivateFrameworks/CoreAutoLayout.framework/Versions/A/CoreAutoLayout
0x00000001935c4000 	/usr/lib/libfakelink.dylib
0x000000018d428000 	/System/Library/Frameworks/DiskArbitration.framework/Versions/A/DiskArbitration
0x0000000193617000 	/usr/lib/libarchive.2.dylib
0x00000001911a0000 	/usr/lib/liblangid.dylib
0x00000001999b8000 	/System/Library/Frameworks/Combine.framework/Versions/A/Combine
0x000000026892d000 	/System/Library/PrivateFrameworks/ReflectionInternal.framework/Versions/A/ReflectionInternal
0x0000000269881000 	/System/Library/PrivateFrameworks/RuntimeInternal.framework/Versions/A/RuntimeInternal
0x00000001adf43000 	/usr/lib/swift/libswiftDarwin.dylib
0x0000000288e44000 	/usr/lib/swift/libswiftSystem.dylib
0x0000000288e77000 	/usr/lib/swift/libswift_Concurrency.dylib
0x0000000288f03000 	/usr/lib/swift/libswift_DarwinFoundation1.dylib
0x0000000187a46000 	/System/Library/PrivateFrameworks/CoreServicesInternal.framework/Versions/A/CoreServicesInternal
0x000000019358f000 	/usr/lib/liboah.dylib
0x000000019fecb000 	/System/Library/PrivateFrameworks/DiskImages.framework/Versions/A/DiskImages
0x00000001ad9e7000 	/System/Library/Frameworks/NetFS.framework/Versions/A/NetFS
0x000000018dfbc000 	/System/Library/Frameworks/CoreServices.framework/Versions/A/Frameworks/FSEvents.framework/Versions/A/FSEvents
0x000000018774e000 	/System/Library/Frameworks/CoreServices.framework/Versions/A/Frameworks/CarbonCore.framework/Versions/A/CarbonCore
0x000000018d39c000 	/System/Library/Frameworks/CoreServices.framework/Versions/A/Frameworks/Metadata.framework/Versions/A/Metadata
0x0000000192f93000 	/System/Library/Frameworks/CoreServices.framework/Versions/A/Frameworks/OSServices.framework/Versions/A/OSServices
0x000000019370f000 	/System/Library/Frameworks/CoreServices.framework/Versions/A/Frameworks/SearchKit.framework/Versions/A/SearchKit
0x000000018ba50000 	/System/Library/Frameworks/CoreServices.framework/Versions/A/Frameworks/AE.framework/Versions/A/AE
0x0000000183d06000 	/System/Library/Frameworks/CoreServices.framework/Versions/A/Frameworks/LaunchServices.framework/Versions/A/LaunchServices
0x0000000194b18000 	/System/Library/Frameworks/CoreServices.framework/Versions/A/Frameworks/DictionaryServices.framework/Versions/A/DictionaryServices
0x000000018dfc9000 	/System/Library/Frameworks/CoreServices.framework/Versions/A/Frameworks/SharedFileList.framework/Versions/A/SharedFileList
0x00000001937a2000 	/usr/lib/libapple_nghttp2.dylib
0x000000018b855000 	/System/Library/Frameworks/Accounts.framework/Versions/A/Accounts
0x00000001a010d000 	/System/Library/PrivateFrameworks/AppSupport.framework/Versions/A/AppSupport
0x00000001aff32000 	/System/Library/Frameworks/AVFoundation.framework/Versions/A/AVFoundation
0x0000000197bf2000 	/System/Library/Frameworks/GSS.framework/Versions/A/GSS
0x0000000195fda000 	/System/Library/PrivateFrameworks/InternationalSupport.framework/Versions/A/InternationalSupport
0x00000001a0a1f000 	/System/Library/PrivateFrameworks/StreamingZip.framework/Versions/A/StreamingZip
0x0000000189e9b000 	/usr/lib/libenergytrace.dylib
0x000000018badf000 	/System/Library/Frameworks/Network.framework/Versions/A/Network
0x000000019355e000 	/usr/lib/system/libkxld.dylib
0x0000000237eb9000 	/System/Library/PrivateFrameworks/AppleKeyStore.framework/Versions/A/AppleKeyStore
0x0000000287287000 	/usr/lib/libCoreEntitlements.dylib
0x000000025cff9000 	/System/Library/PrivateFrameworks/MessageSecurity.framework/Versions/A/MessageSecurity
0x000000019cecc000 	/System/Library/PrivateFrameworks/SymptomDiagnosticReporter.framework/Versions/A/SymptomDiagnosticReporter
0x0000000194d5d000 	/System/Library/PrivateFrameworks/CrashReporterSupport.framework/Versions/A/CrashReporterSupport
0x0000000192f73000 	/System/Library/PrivateFrameworks/AppleFSCompression.framework/Versions/A/AppleFSCompression
0x00000001927fd000 	/usr/lib/libcoretls.dylib
0x0000000194b8e000 	/usr/lib/libcoretls_cfhelpers.dylib
0x0000000193867000 	/usr/lib/libpam.2.dylib
0x0000000194c04000 	/usr/lib/libxar.1.dylib
0x0000000194b90000 	/System/Library/PrivateFrameworks/APFS.framework/Versions/A/APFS
0x0000000275007000 	/System/Library/PrivateFrameworks/SwiftASN1Internal.framework/Versions/A/SwiftASN1Internal
0x0000000194c13000 	/usr/lib/libutil.dylib
0x000000019119b000 	/System/Library/PrivateFrameworks/AppleSystemInfo.framework/Versions/A/AppleSystemInfo
0x000000019f82b000 	/System/Library/PrivateFrameworks/CoreWiFi.framework/Versions/A/CoreWiFi
0x0000000197c55000 	/System/Library/PrivateFrameworks/MobileAsset.framework/Versions/A/MobileAsset
0x000000019cedc000 	/System/Library/PrivateFrameworks/PowerLog.framework/Versions/A/PowerLog
0x000000019e39e000 	/System/Library/PrivateFrameworks/Rapport.framework/Versions/A/Rapport
0x0000000230a62000 	/System/Library/Frameworks/SwiftData.framework/Versions/A/SwiftData
0x00000001894fe000 	/System/Library/Frameworks/UniformTypeIdentifiers.framework/Versions/A/UniformTypeIdentifiers
0x000000018e1e9000 	/System/Library/PrivateFrameworks/UserManagement.framework/Versions/A/UserManagement
0x00000001899f1000 	/usr/lib/libboringssl.dylib
0x000000018bac4000 	/usr/lib/libdns_services.dylib
0x00000001b0066000 	/usr/lib/libquic.dylib
0x0000000196e48000 	/usr/lib/libusrtcp.dylib
0x0000000238d73000 	/System/Library/PrivateFrameworks/AtomicsInternal.framework/Versions/A/AtomicsInternal
0x0000000288ccb000 	/usr/lib/swift/libswiftDistributed.dylib
0x0000000288cf4000 	/usr/lib/swift/libswiftObservation.dylib
0x0000000288e30000 	/usr/lib/swift/libswiftSynchronization.dylib
0x0000000191199000 	/System/Library/PrivateFrameworks/AggregateDictionary.framework/Versions/A/AggregateDictionary
0x000000018b262000 	/System/Library/Frameworks/CoreData.framework/Versions/A/CoreData
0x0000000232ac0000 	/System/Library/Frameworks/_LocationEssentials.framework/Versions/A/_LocationEssentials
0x0000000194b6f000 	/usr/lib/liblzma.5.dylib
0x00000001926f6000 	/System/Library/PrivateFrameworks/MobileKeyBag.framework/Versions/A/MobileKeyBag
0x00000001a0421000 	/System/Library/PrivateFrameworks/InternationalTextSearch.framework/Versions/A/InternationalTextSearch
0x00000001b86eb000 	/System/Library/PrivateFrameworks/SoftwareUpdateCoreSupport.framework/Versions/A/SoftwareUpdateCoreSupport
0x00000001c0c68000 	/System/Library/PrivateFrameworks/SoftwareUpdateCoreConnect.framework/Versions/A/SoftwareUpdateCoreConnect
0x000000019ffc5000 	/System/Library/PrivateFrameworks/RemoteServiceDiscovery.framework/Versions/A/RemoteServiceDiscovery
0x00000001b82c2000 	/System/Library/PrivateFrameworks/MSUDataAccessor.framework/Versions/A/MSUDataAccessor
0x00000001b3213000 	/usr/lib/libbootpolicy.dylib
0x000000019ffdc000 	/System/Library/PrivateFrameworks/RemoteXPC.framework/Versions/A/RemoteXPC
0x00000001c009d000 	/usr/lib/libFDR.dylib
0x00000001c6078000 	/usr/lib/libamsupport.dylib
0x000000028757d000 	/usr/lib/libReverseProxyDevice.dylib
0x0000000237727000 	/System/Library/PrivateFrameworks/AppleDeviceQuerySupport.framework/Versions/A/AppleDeviceQuerySupport
0x00000001c9242000 	/usr/lib/libpartition2_dynamic.dylib
0x000000019377e000 	/System/Library/PrivateFrameworks/AppleSauce.framework/Versions/A/AppleSauce
0x0000000287132000 	/usr/lib/libAppleArchive.dylib
0x0000000192f7f000 	/usr/lib/libbz2.1.0.dylib
0x000000018d432000 	/System/Library/Frameworks/Accelerate.framework/Versions/A/Frameworks/vImage.framework/Versions/A/vImage
0x000000019bd21000 	/System/Library/Frameworks/Accelerate.framework/Versions/A/Frameworks/vecLib.framework/Versions/A/vecLib
0x0000000194c4a000 	/System/Library/Frameworks/Accelerate.framework/Versions/A/Frameworks/vecLib.framework/Versions/A/libvMisc.dylib
0x000000018420a000 	/System/Library/Frameworks/Accelerate.framework/Versions/A/Frameworks/vecLib.framework/Versions/A/libBLAS.dylib
0x00000002294b5000 	/System/Library/Frameworks/OpenGL.framework/Versions/A/OpenGL
0x000000024b938000 	/System/Library/PrivateFrameworks/GPUCompiler.framework/Versions/32023/Libraries/libllvm-flatbuffers.dylib
0x0000000246397000 	/System/Library/PrivateFrameworks/FramePacing.framework/Versions/A/FramePacing
0x00000002294a7000 	/System/Library/Frameworks/OpenGL.framework/Versions/A/Libraries/libCoreFSCache.dylib
0x00000002474c5000 	/System/Library/PrivateFrameworks/GPUCompiler.framework/Versions/32023/Libraries/libGPUCompilerUtils.dylib
0x0000000229506000 	/System/Library/Frameworks/OpenGL.framework/Versions/A/Libraries/libGLU.dylib
0x00000002294c9000 	/System/Library/Frameworks/OpenGL.framework/Versions/A/Libraries/libGFXShared.dylib
0x0000000229696000 	/System/Library/Frameworks/OpenGL.framework/Versions/A/Libraries/libGL.dylib
0x00000002294d2000 	/System/Library/Frameworks/OpenGL.framework/Versions/A/Libraries/libGLImage.dylib
0x00000002294c6000 	/System/Library/Frameworks/OpenGL.framework/Versions/A/Libraries/libCVMSPluginSupport.dylib
0x00000002294af000 	/System/Library/Frameworks/OpenGL.framework/Versions/A/Libraries/libCoreVMClient.dylib
0x0000000192352000 	/System/Library/Frameworks/Accelerate.framework/Versions/A/Frameworks/vecLib.framework/Versions/A/libvDSP.dylib
0x0000000193947000 	/System/Library/Frameworks/Accelerate.framework/Versions/A/Frameworks/vecLib.framework/Versions/A/libLAPACK.dylib
0x0000000192889000 	/System/Library/Frameworks/Accelerate.framework/Versions/A/Frameworks/vecLib.framework/Versions/A/libLinearAlgebra.dylib
0x00000001937bb000 	/System/Library/Frameworks/Accelerate.framework/Versions/A/Frameworks/vecLib.framework/Versions/A/libSparseBLAS.dylib
0x0000000193942000 	/System/Library/Frameworks/Accelerate.framework/Versions/A/Frameworks/vecLib.framework/Versions/A/libQuadrature.dylib
0x00000001912c9000 	/System/Library/Frameworks/Accelerate.framework/Versions/A/Frameworks/vecLib.framework/Versions/A/libBNNS.dylib
0x0000000184b15000 	/System/Library/Frameworks/Accelerate.framework/Versions/A/Frameworks/vecLib.framework/Versions/A/libSparse.dylib
0x0000000257d98000 	/System/Library/PrivateFrameworks/MIL.framework/Versions/A/MIL
0x00000001c30c0000 	/System/Library/PrivateFrameworks/OSAnalytics.framework/Versions/A/OSAnalytics
0x0000000243ffd000 	/System/Library/PrivateFrameworks/DeviceRecovery.framework/Versions/A/DeviceRecovery
0x000000019e237000 	/System/Library/PrivateFrameworks/CoreSymbolication.framework/Versions/A/CoreSymbolication
0x00000001d2a7e000 	/System/Library/PrivateFrameworks/Symbolication.framework/Versions/A/Symbolication
0x000000019e215000 	/System/Library/PrivateFrameworks/DebugSymbols.framework/Versions/A/DebugSymbols
0x00000001b10cf000 	/System/Library/PrivateFrameworks/MallocStackLogging.framework/Versions/A/MallocStackLogging
0x0000000288f08000 	/usr/lib/swift/libswift_RegexParser.dylib
0x0000000199aac000 	/System/Library/PrivateFrameworks/GeoServices.framework/Versions/A/GeoServices
0x00000001974d3000 	/System/Library/PrivateFrameworks/LocationSupport.framework/Versions/A/LocationSupport
0x000000019cdc1000 	/System/Library/Frameworks/CoreBluetooth.framework/Versions/A/CoreBluetooth
0x000000024f4f2000 	/System/Library/PrivateFrameworks/GeoServicesCore.framework/Versions/A/GeoServicesCore
0x00000001a9cf6000 	/System/Library/PrivateFrameworks/PhoneNumbers.framework/Versions/A/PhoneNumbers
0x0000000197dcc000 	/System/Library/PrivateFrameworks/CorePhoneNumbers.framework/Versions/A/CorePhoneNumbers
0x00000001935fc000 	/usr/lib/libiconv.2.dylib
0x0000000193559000 	/usr/lib/libcharset.1.dylib
0x000000022b532000 	/System/Library/Frameworks/ExtensionFoundation.framework/Versions/A/ExtensionFoundation
0x0000000195238000 	/System/Library/PrivateFrameworks/AppServerSupport.framework/Versions/A/AppServerSupport
0x000000026206b000 	/System/Library/PrivateFrameworks/OSEligibility.framework/Versions/A/OSEligibility
0x000000019503a000 	/System/Library/PrivateFrameworks/IconServices.framework/Versions/A/IconServices
0x000000022c919000 	/System/Library/Frameworks/LightweightCodeRequirements.framework/Versions/A/LightweightCodeRequirements
0x0000000194eb4000 	/System/Library/PrivateFrameworks/PlugInKit.framework/Versions/A/PlugInKit
0x000000019270e000 	/System/Library/PrivateFrameworks/AssertionServices.framework/Versions/A/AssertionServices
0x00000001955db000 	/System/Library/PrivateFrameworks/AppleJPEG.framework/Versions/A/AppleJPEG
0x0000000194fb4000 	/usr/lib/libexpat.1.dylib
0x0000000195da6000 	/System/Library/Frameworks/ImageIO.framework/Versions/A/Resources/libPng.dylib
0x0000000195dd1000 	/System/Library/Frameworks/ImageIO.framework/Versions/A/Resources/libTIFF.dylib
0x0000000195eb9000 	/System/Library/Frameworks/ImageIO.framework/Versions/A/Resources/libGIF.dylib
0x0000000195620000 	/System/Library/Frameworks/ImageIO.framework/Versions/A/Resources/libJP2.dylib
0x0000000194cc4000 	/usr/lib/libate.dylib
0x0000000195e60000 	/System/Library/Frameworks/ImageIO.framework/Versions/A/Resources/libJPEG.dylib
0x0000000195e57000 	/System/Library/Frameworks/ImageIO.framework/Versions/A/Resources/libRadiance.dylib
0x0000000288f06000 	/usr/lib/swift/libswift_DarwinFoundation2.dylib
0x0000000288f07000 	/usr/lib/swift/libswift_DarwinFoundation3.dylib
0x0000000194fd9000 	/System/Library/PrivateFrameworks/IconFoundation.framework/Versions/A/IconFoundation
0x0000000252874000 	/System/Library/PrivateFrameworks/IconRendering.framework/Versions/A/IconRendering
0x000000018dcbe000 	/System/Library/PrivateFrameworks/CoreUI.framework/Versions/A/CoreUI
0x0000000190be8000 	/System/Library/Frameworks/CoreImage.framework/Versions/A/CoreImage
0x0000000269a66000 	/System/Library/PrivateFrameworks/SFSymbols.framework/Versions/A/SFSymbols
0x000000022b3e8000 	/System/Library/Frameworks/DeveloperToolsSupport.framework/Versions/A/DeveloperToolsSupport
0x00000001a80be000 	/System/Library/PrivateFrameworks/RenderBox.framework/Versions/A/RenderBox
0x0000000190869000 	/System/Library/PrivateFrameworks/CoreSVG.framework/Versions/A/CoreSVG
0x0000000195f43000 	/System/Library/PrivateFrameworks/TextureIO.framework/Versions/A/TextureIO
0x00000001b11e0000 	/usr/lib/swift/libswiftCoreImage.dylib
0x00000001951e8000 	/System/Library/PrivateFrameworks/GraphVisualizer.framework/Versions/A/GraphVisualizer
0x00000002462a2000 	/System/Library/PrivateFrameworks/FontServices.framework/Versions/A/FontServices
0x00000001951f8000 	/System/Library/PrivateFrameworks/OTSVG.framework/Versions/A/OTSVG
0x000000018dc6d000 	/System/Library/Frameworks/ApplicationServices.framework/Versions/A/Frameworks/ATS.framework/Versions/A/Resources/libFontRegistry.dylib
0x0000000288057000 	/usr/lib/libhvf.dylib
0x0000000262cf8000 	/System/Library/PrivateFrameworks/ParsingInternal.framework/Versions/A/ParsingInternal
0x00000002462a6000 	/System/Library/PrivateFrameworks/FontServices.framework/libXTFontStaticRegistryData.dylib
0x00000001910d3000 	/System/Library/Frameworks/MetalPerformanceShaders.framework/Versions/A/Frameworks/MPSCore.framework/Versions/A/MPSCore
0x0000000192ede000 	/System/Library/Frameworks/MetalPerformanceShaders.framework/Versions/A/Frameworks/MPSImage.framework/Versions/A/MPSImage
0x000000019289d000 	/System/Library/Frameworks/MetalPerformanceShaders.framework/Versions/A/Frameworks/MPSNeuralNetwork.framework/Versions/A/MPSNeuralNetwork
0x0000000192cdc000 	/System/Library/Frameworks/MetalPerformanceShaders.framework/Versions/A/Frameworks/MPSMatrix.framework/Versions/A/MPSMatrix
0x0000000192af4000 	/System/Library/Frameworks/MetalPerformanceShaders.framework/Versions/A/Frameworks/MPSRayIntersector.framework/Versions/A/MPSRayIntersector
0x0000000192d0e000 	/System/Library/Frameworks/MetalPerformanceShaders.framework/Versions/A/Frameworks/MPSNDArray.framework/Versions/A/MPSNDArray
0x000000022d79e000 	/System/Library/Frameworks/MetalPerformanceShaders.framework/Versions/A/Frameworks/MPSFunctions.framework/Versions/A/MPSFunctions
0x000000022d77f000 	/System/Library/Frameworks/MetalPerformanceShaders.framework/Versions/A/Frameworks/MPSBenchmarkLoop.framework/Versions/A/MPSBenchmarkLoop
0x000000022d7b2000 	/System/Library/Frameworks/MetalPerformanceShaders.framework/Versions/A/Frameworks/MPSHost.framework/Versions/A/MPSHost
0x0000000184021000 	/System/Library/PrivateFrameworks/MetalTools.framework/Versions/A/MetalTools
0x00000001b6401000 	/System/Library/PrivateFrameworks/IOAccelMemoryInfo.framework/Versions/A/IOAccelMemoryInfo
0x00000001c496f000 	/System/Library/PrivateFrameworks/kperf.framework/Versions/A/kperf
0x00000001b115c000 	/System/Library/PrivateFrameworks/GPURawCounter.framework/Versions/A/GPURawCounter
0x00000001a1b8d000 	/System/Library/PrivateFrameworks/ASEProcessing.framework/Versions/A/ASEProcessing
0x00000002661a9000 	/System/Library/PrivateFrameworks/PhotosensitivityProcessing.framework/Versions/A/PhotosensitivityProcessing
0x0000000269aec000 	/System/Library/PrivateFrameworks/SILManager.framework/Versions/A/SILManager
0x0000000278745000 	/System/Library/PrivateFrameworks/Tightbeam.framework/Versions/A/Tightbeam
0x00000001bf164000 	/usr/lib/swift/libswiftCompression.dylib
0x00000001c97b1000 	/System/Library/PrivateFrameworks/AFKUser.framework/Versions/A/AFKUser
0x0000000195e8b000 	/System/Library/Frameworks/ApplicationServices.framework/Versions/A/Frameworks/ATSUI.framework/Versions/A/ATSUI
0x0000000197563000 	/System/Library/Frameworks/AudioToolbox.framework/Versions/A/AudioToolbox
0x0000000193350000 	/System/Library/Frameworks/UserNotifications.framework/Versions/A/UserNotifications
0x00000001b6b98000 	/System/Library/PrivateFrameworks/SiriInstrumentation.framework/Versions/A/SiriInstrumentation
0x000000026bf7c000 	/System/Library/PrivateFrameworks/SiriAnalytics.framework/Versions/A/SiriAnalytics
0x00000001b42f7000 	/System/Library/PrivateFrameworks/FeedbackLogger.framework/Versions/A/FeedbackLogger
0x00000001cec01000 	/usr/lib/swift/libswiftAVFoundation.dylib
0x000000027af6e000 	/System/Library/PrivateFrameworks/UnifiedAssetFramework.framework/Versions/A/UnifiedAssetFramework
0x00000001862cb000 	/System/Library/PrivateFrameworks/AudioToolboxCore.framework/Versions/A/AudioToolboxCore
0x0000000197739000 	/System/Library/PrivateFrameworks/AudioSession.framework/Versions/A/AudioSession
0x00000001a2e11000 	/System/Library/Frameworks/CoreMIDI.framework/Versions/A/CoreMIDI
0x00000001977ba000 	/usr/lib/libAudioStatistics.dylib
0x00000001900b6000 	/System/Library/PrivateFrameworks/caulk.framework/Versions/A/caulk
0x00000001868b8000 	/System/Library/Frameworks/CoreAudio.framework/Versions/A/CoreAudio
0x0000000195d80000 	/usr/lib/libAudioToolboxUtility.dylib
0x00000001b7ad1000 	/usr/lib/swift/libswiftCoreMIDI.dylib
0x0000000197bc4000 	/System/Library/PrivateFrameworks/perfdata.framework/Versions/A/perfdata
0x00000001b015b000 	/System/Library/PrivateFrameworks/SystemPolicy.framework/Versions/A/SystemPolicy
0x0000000197a68000 	/usr/lib/libSMC.dylib
0x0000000197bd2000 	/usr/lib/libperfcheck.dylib
0x0000000238e42000 	/System/Library/PrivateFrameworks/AudioAnalytics.framework/Versions/A/AudioAnalytics
0x00000001d7112000 	/System/Library/Frameworks/OSLog.framework/Versions/A/OSLog
0x00000001b1101000 	/usr/lib/libmis.dylib
0x000000019e393000 	/System/Library/PrivateFrameworks/CoreTime.framework/Versions/A/CoreTime
0x00000001950f9000 	/System/Library/PrivateFrameworks/MediaExperience.framework/Versions/A/MediaExperience
0x000000019750d000 	/System/Library/PrivateFrameworks/AudioSession.framework/libSessionUtility.dylib
0x0000000195ebf000 	/System/Library/PrivateFrameworks/CMCaptureCore.framework/Versions/A/CMCaptureCore
0x0000000195245000 	/usr/lib/libspindump.dylib
0x0000000192581000 	/System/Library/PrivateFrameworks/CoreUtils.framework/Versions/A/CoreUtils
0x00000001a8df2000 	/System/Library/PrivateFrameworks/HID.framework/Versions/A/HID
0x0000000242eee000 	/System/Library/PrivateFrameworks/CoreUtilsExtras.framework/Versions/A/CoreUtilsExtras
0x00000002527c9000 	/System/Library/PrivateFrameworks/IO80211.framework/Versions/A/IO80211
0x0000000199704000 	/System/Library/Frameworks/IOBluetooth.framework/Versions/A/IOBluetooth
0x0000000288d13000 	/usr/lib/swift/libswiftRegexBuilder.dylib
0x0000000194d54000 	/usr/lib/libIOReport.dylib
0x00000001df6b6000 	/System/Library/PrivateFrameworks/WiFiPeerToPeer.framework/Versions/A/WiFiPeerToPeer
0x000000019271d000 	/System/Library/Frameworks/SecurityFoundation.framework/Versions/A/SecurityFoundation
0x000000023b548000 	/System/Library/PrivateFrameworks/Centauri.framework/Versions/A/Centauri
0x0000000184a05000 	/System/Library/PrivateFrameworks/Lexicon.framework/Versions/A/Lexicon
0x00000002884a7000 	/usr/lib/libmrc.dylib
0x0000000252834000 	/System/Library/PrivateFrameworks/IPConfiguration.framework/Versions/A/IPConfiguration
0x00000001d3255000 	/System/Library/PrivateFrameworks/Netrb.framework/Versions/A/Netrb
0x000000019dd44000 	/System/Library/PrivateFrameworks/FrontBoardServices.framework/Versions/A/FrontBoardServices
0x0000000192886000 	/usr/lib/libgermantok.dylib
0x00000001912c2000 	/System/Library/PrivateFrameworks/LinguisticData.framework/Versions/A/LinguisticData
0x000000019deeb000 	/System/Library/PrivateFrameworks/GraphicsServices.framework/Versions/A/GraphicsServices
0x000000019cfca000 	/System/Library/PrivateFrameworks/MediaKit.framework/Versions/A/MediaKit
0x000000019cf18000 	/System/Library/Frameworks/DiscRecording.framework/Versions/A/DiscRecording
0x0000000194fcf000 	/usr/lib/libheimdal-asn1.dylib
0x00000001a09f5000 	/System/Library/Frameworks/AudioUnit.framework/Versions/A/AudioUnit
0x000000018df84000 	/System/Library/Frameworks/OpenDirectory.framework/Versions/A/OpenDirectory
0x000000018df92000 	/System/Library/Frameworks/OpenDirectory.framework/Versions/A/Frameworks/CFOpenDirectory.framework/Versions/A/CFOpenDirectory
0x0000000229a22000 	/System/Library/Frameworks/AVFAudio.framework/Versions/A/AVFAudio
0x0000000229b66000 	/System/Library/Frameworks/AVRouting.framework/Versions/A/AVRouting
0x00000001a9e0e000 	/usr/lib/libAccessibility.dylib
0x0000000256664000 	/System/Library/PrivateFrameworks/IsolatedCoreAudioClient.framework/Versions/A/IsolatedCoreAudioClient
0x000000023ece2000 	/System/Library/PrivateFrameworks/CoreAudioOrchestration.framework/Versions/A/CoreAudioOrchestration
0x00000001963a7000 	/System/Library/Frameworks/MediaToolbox.framework/Versions/A/MediaToolbox
0x000000019d0f0000 	/System/Library/PrivateFrameworks/CoreAVCHD.framework/Versions/A/CoreAVCHD
0x000000019c014000 	/System/Library/Frameworks/MediaAccessibility.framework/Versions/A/MediaAccessibility
0x000000019d0ec000 	/System/Library/PrivateFrameworks/Mangrove.framework/Versions/A/Mangrove
0x000000023ab84000 	/System/Library/PrivateFrameworks/CMPhoto.framework/Versions/A/CMPhoto
0x000000019d8b9000 	/System/Library/Frameworks/CoreTelephony.framework/Versions/A/CoreTelephony
0x000000019d0df000 	/System/Library/PrivateFrameworks/CoreAUC.framework/Versions/A/CoreAUC
0x0000000237cea000 	/System/Library/PrivateFrameworks/AppleJPEGXL.framework/Versions/A/AppleJPEGXL
0x000000027cebd000 	/System/Library/PrivateFrameworks/VideoToolboxParavirtualizationSupport.framework/Versions/A/VideoToolboxParavirtualizationSupport
0x0000000194f6b000 	/System/Library/PrivateFrameworks/AppleVA.framework/Versions/A/AppleVA
0x0000000197ddc000 	/usr/lib/libTelephonyUtilDynamic.dylib
0x0000000195e52000 	/System/Library/PrivateFrameworks/GPUWrangler.framework/Versions/A/GPUWrangler
0x0000000195e32000 	/System/Library/PrivateFrameworks/IOPresentment.framework/Versions/A/IOPresentment
0x0000000195e5a000 	/System/Library/PrivateFrameworks/DSExternalDisplay.framework/Versions/A/DSExternalDisplay
0x00000001da233000 	/System/Library/Frameworks/CryptoKit.framework/Versions/A/CryptoKit
0x00000001a09f0000 	/System/Library/PrivateFrameworks/CryptoKitCBridging.framework/Versions/A/CryptoKitCBridging
0x000000019defd000 	/System/Library/Frameworks/CryptoTokenKit.framework/Versions/A/CryptoTokenKit
0x0000000243a6d000 	/System/Library/PrivateFrameworks/Dendrite.framework/Versions/A/Dendrite
0x00000001b0d00000 	/System/Library/Frameworks/NaturalLanguage.framework/Versions/A/NaturalLanguage
0x000000024f1f5000 	/System/Library/PrivateFrameworks/GenerativeModels.framework/Versions/A/GenerativeModels
0x00000001df63d000 	/usr/lib/swift/libswiftNaturalLanguage.dylib
0x0000000238861000 	/System/Library/PrivateFrameworks/AppleMobileFileIntegrity.framework/Versions/A/AppleMobileFileIntegrity
0x00000002875f5000 	/usr/lib/libTLE.dylib
0x00000001e8d85000 	/System/Library/PrivateFrameworks/ConfigProfileHelper.framework/Versions/A/ConfigProfileHelper
0x00000001a0b7f000 	/System/Library/PrivateFrameworks/Espresso.framework/Versions/A/Espresso
0x000000018e714000 	/System/Library/Frameworks/CoreML.framework/Versions/A/CoreML
0x00000001dd4e9000 	/usr/lib/libedit.3.dylib
0x0000000226830000 	/System/Library/PrivateFrameworks/ANECompiler.framework/Versions/A/ANECompiler
0x00000001a2c55000 	/System/Library/PrivateFrameworks/AppleNeuralEngine.framework/Versions/A/AppleNeuralEngine
0x000000022d7b8000 	/System/Library/Frameworks/MetalPerformanceShadersGraph.framework/Versions/A/MetalPerformanceShadersGraph
0x0000000258507000 	/System/Library/PrivateFrameworks/MLCompilerServices.framework/Versions/A/MLCompilerServices
0x00000001a19d1000 	/System/Library/PrivateFrameworks/ANEServices.framework/Versions/A/ANEServices
0x00000001b63c4000 	/usr/lib/libncurses.5.4.dylib
0x0000000187bc2000 	/usr/lib/libsandbox.1.dylib
0x0000000194ef5000 	/usr/lib/libMatch.1.dylib
0x0000000261ded000 	/System/Library/PrivateFrameworks/ODIE.framework/Versions/A/ODIE
0x000000025b194000 	/System/Library/PrivateFrameworks/MLModelAsset.framework/Versions/A/MLModelAsset
0x00000002584ad000 	/System/Library/PrivateFrameworks/MLCompilerRuntime.framework/Versions/A/MLCompilerRuntime
0x0000000192b49000 	/System/Library/Frameworks/MLCompute.framework/Versions/A/MLCompute
0x000000025842f000 	/System/Library/PrivateFrameworks/MLAssetIO.framework/Versions/A/MLAssetIO
0x0000000288ce5000 	/usr/lib/swift/libswiftMLCompute.dylib
0x000000019dad4000 	/System/Library/PrivateFrameworks/AVFCore.framework/Versions/A/AVFCore
0x00000001a770f000 	/System/Library/PrivateFrameworks/AVFCapture.framework/Versions/A/AVFCapture
0x000000023a97b000 	/System/Library/PrivateFrameworks/CMImaging.framework/Versions/A/CMImaging
0x00000001a7951000 	/System/Library/PrivateFrameworks/Quagga.framework/Versions/A/Quagga
0x00000001a7a82000 	/System/Library/PrivateFrameworks/CMCapture.framework/Versions/A/CMCapture
0x0000000197965000 	/System/Library/Frameworks/CoreMediaIO.framework/Versions/A/CoreMediaIO
0x000000023a8b6000 	/System/Library/PrivateFrameworks/CMCaptureDevice.framework/Versions/A/CMCaptureDevice
0x0000000195331000 	/System/Library/PrivateFrameworks/CoreBrightness.framework/Versions/A/CoreBrightness
0x000000023ba3f000 	/System/Library/PrivateFrameworks/CinematicFraming.framework/Versions/A/CinematicFraming
0x000000025e2d1000 	/System/Library/PrivateFrameworks/ModelManagerServices.framework/Versions/A/ModelManagerServices
0x00000001cbc69000 	/System/Library/PrivateFrameworks/CPMS.framework/Versions/A/CPMS
0x0000000275e75000 	/System/Library/PrivateFrameworks/SystemStatus.framework/Versions/A/SystemStatus
0x00000001afb30000 	/System/Library/Frameworks/CoreMotion.framework/Versions/A/CoreMotion
0x00000001c0148000 	/System/Library/PrivateFrameworks/TimeSync.framework/Versions/A/TimeSync
0x0000000244435000 	/System/Library/PrivateFrameworks/DistributedSensing.framework/Versions/A/DistributedSensing
0x00000001bb527000 	/System/Library/PrivateFrameworks/MobileBluetooth.framework/Versions/A/MobileBluetooth
0x00000001c1e0c000 	/System/Library/PrivateFrameworks/IOKitten.framework/Versions/A/IOKitten
0x0000000257c7a000 	/System/Library/PrivateFrameworks/LocationLogEncryption.framework/Versions/A/LocationLogEncryption
0x0000000237b64000 	/System/Library/PrivateFrameworks/AppleIntelligenceReporting.framework/Versions/A/AppleIntelligenceReporting
0x000000023b494000 	/System/Library/PrivateFrameworks/CascadeSets.framework/Versions/A/CascadeSets
0x0000000192490000 	/System/Library/PrivateFrameworks/CoreEmoji.framework/Versions/A/CoreEmoji
0x0000000184d19000 	/usr/lib/libCRFSuite.dylib
0x0000000185ffa000 	/System/Library/PrivateFrameworks/LanguageModeling.framework/Versions/A/LanguageModeling
0x00000001911a2000 	/System/Library/PrivateFrameworks/CoreNLP.framework/Versions/A/CoreNLP
0x000000018af77000 	/System/Library/PrivateFrameworks/Montreal.framework/Versions/A/Montreal
0x0000000193604000 	/usr/lib/libcmph.dylib
0x0000000192827000 	/usr/lib/libmecab.dylib
0x0000000193775000 	/usr/lib/libThaiTokenizer.dylib
0x000000024f2d7000 	/System/Library/PrivateFrameworks/GenerativeModelsFoundation.framework/Versions/A/GenerativeModelsFoundation
0x0000000278c4a000 	/System/Library/PrivateFrameworks/TokenGeneration.framework/Versions/A/TokenGeneration
0x000000024f0ab000 	/System/Library/PrivateFrameworks/GenerativeFunctions.framework/Versions/A/GenerativeFunctions
0x000000024f0f9000 	/System/Library/PrivateFrameworks/GenerativeFunctionsFoundation.framework/Versions/A/GenerativeFunctionsFoundation
0x000000025df92000 	/System/Library/PrivateFrameworks/ModelCatalog.framework/Versions/A/ModelCatalog
0x000000026b196000 	/System/Library/PrivateFrameworks/SensitiveContentAnalysisML.framework/Versions/A/SensitiveContentAnalysisML
0x000000024f18f000 	/System/Library/PrivateFrameworks/GenerativeFunctionsInstrumentation.framework/Versions/A/GenerativeFunctionsInstrumentation
0x0000000267fbf000 	/System/Library/PrivateFrameworks/PromptKit.framework/Versions/A/PromptKit
0x00000002679d5000 	/System/Library/PrivateFrameworks/ProactiveDaemonSupport.framework/Versions/A/ProactiveDaemonSupport
0x0000000278e82000 	/System/Library/PrivateFrameworks/TokenGenerationCore.framework/Versions/A/TokenGenerationCore
0x00000001b1bcf000 	/System/Library/PrivateFrameworks/Trial.framework/Versions/A/Trial
0x00000001b1b50000 	/System/Library/PrivateFrameworks/TrialProto.framework/Versions/A/TrialProto
0x000000023778e000 	/System/Library/PrivateFrameworks/AppleFlatBuffers.framework/Versions/A/AppleFlatBuffers
0x000000026b466000 	/System/Library/PrivateFrameworks/SentencePieceInternal.framework/Versions/A/SentencePieceInternal
0x000000019c06e000 	/System/Library/Frameworks/Vision.framework/Versions/A/Vision
0x0000000242b8c000 	/System/Library/PrivateFrameworks/CoreSceneUnderstanding.framework/Versions/A/CoreSceneUnderstanding
0x000000027dad3000 	/System/Library/PrivateFrameworks/VisionCore.framework/Versions/A/VisionCore
0x00000001962e4000 	/System/Library/PrivateFrameworks/DataDetectorsCore.framework/Versions/A/DataDetectorsCore
0x00000001ba4b5000 	/System/Library/Frameworks/Vision.framework/libfaceCore.dylib
0x00000001bafcf000 	/System/Library/PrivateFrameworks/Futhark.framework/Versions/A/Futhark
0x00000001bef1d000 	/System/Library/PrivateFrameworks/InertiaCam.framework/Versions/A/InertiaCam
0x00000001bad5c000 	/System/Library/PrivateFrameworks/TextRecognition.framework/Versions/A/TextRecognition
0x000000022b3d1000 	/System/Library/Frameworks/DataDetection.framework/Versions/A/DataDetection
0x00000001b4f68000 	/System/Library/PrivateFrameworks/TextInput.framework/Versions/A/TextInput
0x0000000194d92000 	/System/Library/PrivateFrameworks/CVNLP.framework/Versions/A/CVNLP
0x000000022aeb6000 	/System/Library/Frameworks/CoreTransferable.framework/Versions/A/CoreTransferable
0x0000000197ba8000 	/System/Library/PrivateFrameworks/NetAuth.framework/Versions/A/NetAuth
0x000000018e1a8000 	/System/Library/PrivateFrameworks/login.framework/Versions/A/Frameworks/loginsupport.framework/Versions/A/loginsupport
0x0000000189345000 	/System/Library/PrivateFrameworks/UIFoundation.framework/Versions/A/UIFoundation
0x000000019524c000 	/System/Library/PrivateFrameworks/Heimdal.framework/Versions/A/Heimdal
0x0000000197850000 	/usr/lib/libresolv.9.dylib
0x0000000197c44000 	/System/Library/PrivateFrameworks/CommonAuth.framework/Versions/A/CommonAuth
0x00000001927f1000 	/usr/lib/libCheckFix.dylib
0x000000018d32f000 	/System/Library/PrivateFrameworks/MetadataUtilities.framework/Versions/A/MetadataUtilities
0x00000002532bb000 	/System/Library/PrivateFrameworks/InstalledContentLibrary.framework/Versions/A/InstalledContentLibrary
0x0000000187a86000 	/System/Library/PrivateFrameworks/CoreServicesStore.framework/Versions/A/CoreServicesStore
0x000000018dff3000 	/usr/lib/libapp_launch_measurement.dylib
0x00000001c4a86000 	/System/Library/PrivateFrameworks/MobileSystemServices.framework/Versions/A/MobileSystemServices
0x0000000194c17000 	/usr/lib/libxslt.1.dylib
0x00000001927b0000 	/System/Library/PrivateFrameworks/BackgroundTaskManagement.framework/Versions/A/BackgroundTaskManagement
0x00000001a0086000 	/usr/lib/libcurl.4.dylib
0x0000000287e0b000 	/usr/lib/libcrypto.46.dylib
0x000000028898e000 	/usr/lib/libssl.48.dylib
0x000000019fd60000 	/System/Library/Frameworks/LDAP.framework/Versions/A/LDAP
0x0000000197be0000 	/System/Library/Frameworks/Kerberos.framework/Versions/A/Kerberos
0x000000019fd9c000 	/System/Library/PrivateFrameworks/TrustEvaluationAgent.framework/Versions/A/TrustEvaluationAgent
0x000000019786d000 	/usr/lib/libsasl2.2.dylib
0x00000001a09f4000 	/System/Library/Frameworks/Kerberos.framework/Versions/A/Libraries/libHeimdalProxy.dylib
0x00000002665be000 	/System/Library/PrivateFrameworks/PoirotSQLite.framework/Versions/A/PoirotSQLite
0x00000001d75fd000 	/System/Library/PrivateFrameworks/HIDDisplay.framework/Versions/A/HIDDisplay
0x0000000197b49000 	/usr/lib/libcups.2.dylib
0x00000001a9d02000 	/System/Library/PrivateFrameworks/AXCoreUtilities.framework/Versions/A/AXCoreUtilities
0x00000001ba2fe000 	/System/Library/PrivateFrameworks/AttributeGraph.framework/Versions/A/AttributeGraph
0x00000002870f5000 	/usr/lib/libAXSafeCategoryBundle.dylib
0x0000000231b46000 	/System/Library/Frameworks/TabularData.framework/Versions/A/TabularData
0x0000000238a11000 	/System/Library/PrivateFrameworks/ArgumentParserInternal.framework/Versions/A/ArgumentParserInternal
0x00000001a3004000 	/System/Library/Frameworks/Cocoa.framework/Versions/A/Cocoa
0x0000000187c21000 	/System/Library/Frameworks/AppKit.framework/Versions/C/AppKit
0x000000023c8c2000 	/System/Library/PrivateFrameworks/CollectionViewCore.framework/Versions/A/CollectionViewCore
0x0000000190863000 	/System/Library/PrivateFrameworks/XCTTargetBootstrap.framework/Versions/A/XCTTargetBootstrap
0x0000000196336000 	/System/Library/PrivateFrameworks/UserActivity.framework/Versions/A/UserActivity
0x00000002463a4000 	/System/Library/PrivateFrameworks/FrontBoard.framework/Versions/A/FrontBoard
0x000000027a893000 	/System/Library/PrivateFrameworks/UIIntelligenceSupport.framework/Versions/A/UIIntelligenceSupport
0x0000000230bcf000 	/System/Library/Frameworks/SwiftUICore.framework/Versions/A/SwiftUICore
0x000000028143f000 	/System/Library/PrivateFrameworks/WritingTools.framework/Versions/A/WritingTools
0x0000000280236000 	/System/Library/PrivateFrameworks/WindowManagement.framework/Versions/A/WindowManagement
0x00000002460d4000 	/System/Library/PrivateFrameworks/FocusEngine.framework/Versions/A/FocusEngine
0x0000000243add000 	/System/Library/PrivateFrameworks/DesignLibrary.framework/Versions/A/DesignLibrary
0x000000019084e000 	/System/Library/PrivateFrameworks/DFRFoundation.framework/Versions/A/DFRFoundation
0x000000027b7e0000 	/System/Library/PrivateFrameworks/UpdateCycle.framework/Versions/A/UpdateCycle
0x0000000190552000 	/System/Library/Frameworks/Carbon.framework/Versions/A/Frameworks/HIToolbox.framework/Versions/A/HIToolbox
0x000000019b934000 	/System/Library/Frameworks/Carbon.framework/Versions/A/Frameworks/SpeechRecognition.framework/Versions/A/SpeechRecognition
0x000000018df7a000 	/System/Library/PrivateFrameworks/PerformanceAnalysis.framework/Versions/A/PerformanceAnalysis
0x000000019bcc4000 	/System/Library/Frameworks/Accessibility.framework/Versions/A/Accessibility
0x0000000231b2c000 	/System/Library/Frameworks/Symbols.framework/Versions/A/Symbols
0x000000024f6a0000 	/System/Library/PrivateFrameworks/Gestures.framework/Versions/A/Gestures
0x0000000288db6000 	/usr/lib/swift/libswiftSpatial.dylib
0x00000001adf42000 	/usr/lib/swift/libswiftCoreGraphics.dylib
0x000000019c708000 	/usr/lib/swift/libswiftFoundation.dylib
0x00000001e8726000 	/usr/lib/swift/libswiftSwiftOnoneSupport.dylib
0x000000028903c000 	/usr/lib/swift/libswiftsys_time.dylib
0x00000001d3293000 	/System/Library/PrivateFrameworks/CoreMaterial.framework/Versions/A/CoreMaterial
0x00000002875f2000 	/usr/lib/libSpatial.dylib
0x0000000287012000 	/System/Library/SubFrameworks/UIUtilities.framework/Versions/A/UIUtilities
0x0000000112368000 	/Users/havardottestad/.sdkman/candidates/java/26-tem/lib/server/libjvm.dylib
0x00000001041bc000 	/Users/havardottestad/.sdkman/candidates/java/26-tem/lib/libjimage.dylib
0x00000001041e8000 	/Users/havardottestad/.sdkman/candidates/java/26-tem/lib/libinstrument.dylib
0x0000000104230000 	/Users/havardottestad/.sdkman/candidates/java/26-tem/lib/libjava.dylib
0x00000001042c0000 	/Users/havardottestad/.sdkman/candidates/java/26-tem/lib/libzip.dylib
0x00000001047e8000 	/Users/havardottestad/.sdkman/candidates/java/26-tem/lib/libnio.dylib
0x0000000108fe0000 	/Users/havardottestad/.sdkman/candidates/java/26-tem/lib/libnet.dylib
0x0000000112048000 	/Users/havardottestad/.sdkman/candidates/java/26-tem/lib/libmanagement.dylib
0x000000011205c000 	/Users/havardottestad/.sdkman/candidates/java/26-tem/lib/libmanagement_ext.dylib
0x0000000112070000 	/Users/havardottestad/.sdkman/candidates/java/26-tem/lib/libverify.dylib
0x000000011223c000 	/private/var/folders/0m/x3jzy4t15djd88znchzzx1_h0000gn/T/liblz4-java-15167316417978543096.dylib
0x0000000112158000 	/private/var/folders/0m/x3jzy4t15djd88znchzzx1_h0000gn/T/lwjgl_havardottestad/3.3.6+1/arm64/liblwjgl.dylib
0x000000011210c000 	/private/var/folders/0m/x3jzy4t15djd88znchzzx1_h0000gn/T/lwjgl_havardottestad/3.3.6+1/arm64/liblwjgl_lmdb.dylib

JVMTI agents:
/Users/havardottestad/Documents/Programming/rdf4j/.m2_repo/org/mockito/mockito-core/5.23.0/mockito-core-5.23.0.jar path:none, loaded, initialized, instrumentlib options:none


VM Arguments:
jvm_args: -javaagent:/Users/havardottestad/Documents/Programming/rdf4j/.m2_repo/org/mockito/mockito-core/5.23.0/mockito-core-5.23.0.jar -Xmx4G -Djava.awt.headless=true 
java_command: /Users/havardottestad/Documents/Programming/rdf4j/core/sail/lmdb/target/surefire/surefirebooter-20261004162609519_3.jar /Users/havardottestad/Documents/Programming/rdf4j/core/sail/lmdb/target/surefire 2026-10-04T16-26-09_480-jvmRun1 surefire-20261004162609519_1tmp surefire_0-20261004162609519_2tmp
java_class_path (initial): /Users/havardottestad/Documents/Programming/rdf4j/core/sail/lmdb/target/surefire/surefirebooter-20261004162609519_3.jar
Launcher Type: SUN_STANDARD

[Global flags]
     bool AOTAdapterCaching                        = false                                  {diagnostic} {ergonomic}
     bool AOTInvokeDynamicLinking                  = false                                  {diagnostic} {ergonomic}
     bool AOTRecordTraining                        = false                                  {diagnostic} {ergonomic}
     bool AOTReplayTraining                        = false                                  {diagnostic} {ergonomic}
     bool AOTStubCaching                           = false                                  {diagnostic} {ergonomic}
     intx CICompilerCount                          = 12                                        {product} {ergonomic}
     uint ConcGCThreads                            = 3                                         {product} {ergonomic}
     uint G1ConcRefinementThreads                  = 13                                        {product} {ergonomic}
     uint G1EagerReclaimRemSetThreshold            = 16                                   {experimental} {ergonomic}
   size_t G1HeapRegionSize                         = 2097152                                   {product} {ergonomic}
     uint G1RemSetArrayOfCardsEntries              = 16                                   {experimental} {ergonomic}
     uint G1RemSetHowlMaxNumBuckets                = 8                                    {experimental} {ergonomic}
     uint G1RemSetHowlNumBuckets                   = 8                                    {experimental} {ergonomic}
   size_t InitialHeapSize                          = 8388608                                   {product} {ergonomic}
   size_t MarkStackSize                            = 4194304                                   {product} {ergonomic}
   size_t MarkStackSizeMax                         = 536870912                                 {product} {ergonomic}
   size_t MaxHeapSize                              = 4294967296                                {product} {command line}
   size_t MaxNewSize                               = 2575302656                                {product} {ergonomic}
 uint64_t MaxRAM                                   = 137438953472                              {product} {ergonomic}
   size_t MinHeapDeltaBytes                        = 2097152                                   {product} {ergonomic}
   size_t MinHeapSize                              = 8388608                                   {product} {ergonomic}
   size_t NonNMethodCodeHeapSize                   = 7602176                                {pd product} {ergonomic}
   size_t NonProfiledCodeHeapSize                  = 122044416                              {pd product} {ergonomic}
   size_t ProfiledCodeHeapSize                     = 122011648                              {pd product} {ergonomic}
   size_t ReservedCodeCacheSize                    = 251658240                              {pd product} {ergonomic}
     bool SegmentedCodeCache                       = true                                      {product} {ergonomic}
   size_t SoftMaxHeapSize                          = 4294967296                             {manageable} {ergonomic}
     bool UseCompressedOops                        = true                           {product lp64_product} {ergonomic}
     bool UseCondCardMark                          = true                                      {product} {ergonomic}
     bool UseG1GC                                  = true                                      {product} {ergonomic}
     bool UseNUMA                                  = false                                     {product} {ergonomic}
     bool UseNUMAInterleaving                      = false                                     {product} {ergonomic}

Logging:
Log output configuration:
 #0: stdout all=warning uptime,level,tags foldmultilines=false
 #1: stderr all=off uptime,level,tags foldmultilines=false

Release file:
IMPLEMENTOR="Eclipse Adoptium"
IMPLEMENTOR_VERSION="Temurin-26+35"
JAVA_RUNTIME_VERSION="26+35"
JAVA_VERSION="26"
JAVA_VERSION_DATE="2026-03-17"
LIBC="default"
MODULES="java.base java.compiler java.datatransfer java.xml java.prefs java.desktop java.instrument java.logging java.management java.security.sasl java.naming java.rmi java.management.rmi java.net.http java.scripting java.security.jgss java.transaction.xa java.sql java.sql.rowset java.xml.crypto java.se java.smartcardio jdk.accessibility jdk.internal.jvmstat jdk.attach jdk.charsets jdk.internal.opt jdk.zipfs jdk.compiler jdk.crypto.cryptoki jdk.crypto.ec jdk.dynalink jdk.internal.ed jdk.editpad jdk.internal.vm.ci jdk.graal.compiler jdk.graal.compiler.management jdk.hotspot.agent jdk.httpserver jdk.incubator.vector jdk.internal.le jdk.internal.md jdk.jartool jdk.javadoc jdk.jcmd jdk.management jdk.management.agent jdk.jconsole jdk.jdeps jdk.jdwp.agent jdk.jdi jdk.jfr jdk.jlink jdk.jpackage jdk.jshell jdk.jstatd jdk.localedata jdk.management.jfr jdk.naming.dns jdk.naming.rmi jdk.net jdk.nio.mapmode jdk.sctp jdk.security.auth jdk.security.jgss jdk.unsupported jdk.unsupported.desktop jdk.xml.dom"
OS_ARCH="aarch64"
OS_NAME="Darwin"
SOURCE=".:git:ed902b3d8421"
BUILD_SOURCE="git:8ce7dd34f6d8620171ee345882be40d24b558f92"
BUILD_SOURCE_REPO="https://github.com/adoptium/temurin-build.git"
SOURCE_REPO="https://github.com/adoptium/jdk.git"
FULL_VERSION="26+35"
SEMANTIC_VERSION="26+35"
BUILD_INFO="OS: macOS Version: 14.1 23B74"
JVM_VARIANT="Hotspot"
JVM_VERSION="26+35"
IMAGE_TYPE="JDK"

Environment Variables:
JAVA_HOME=/Users/havardottestad/.sdkman/candidates/java/current
PATH=/Applications/ChatGPT.app/Contents/Resources/codex-cli/codex-path:/Users/havardottestad/.antigravity/antigravity/bin:/Users/havardottestad/.pyenv/shims:/Users/havardottestad/.nvm/versions/node/v22.18.0/bin:/Users/havardottestad/.nvm/versions/node/v16.20.2/bin:/Users/havardottestad/.elan/bin:/Applications/Sublime Text.app/Contents/SharedSupport/bin:/opt/homebrew/bin:/opt/homebrew/sbin:/usr/local/bin:/System/Cryptexes/App/usr/bin:/usr/bin:/bin:/usr/sbin:/sbin:/var/run/com.apple.security.cryptexd/codex.system/bootstrap/usr/local/bin:/var/run/com.apple.security.cryptexd/codex.system/bootstrap/usr/bin:/var/run/com.apple.security.cryptexd/codex.system/bootstrap/usr/appleinternal/bin:/pkg/env/global/bin:/Library/Apple/usr/bin:/Library/TeX/texbin:/Applications/VMware Fusion.app/Contents/Public:/Users/havardottestad/.codex/tmp/arg0/codex-arg0h8nb0L:/Applications/ChatGPT.app/Contents/Resources/codex-cli/codex-path:/Users/havardottestad/.cache/codex-runtimes/codex-primary-runtime/dependencies/bin/override:/Users/havardottestad/.antigravity/antigravity/bin:/Users/havardottestad/.sdkman/candidates/java/current/bin:/Users/havardottestad/.pyenv/shims:/Users/havardottestad/.nvm/versions/node/v22.18.0/bin:/Users/havardottestad/.elan/bin:/Applications/Sublime Text.app/Contents/SharedSupport/bin:/opt/homebrew/bin:/opt/homebrew/sbin:/Users/havardottestad/.orbstack/bin:/Users/havardottestad/.cache/lm-studio/bin:/Users/havardottestad/.cache/codex-runtimes/codex-primary-runtime/dependencies/bin/fallback:/Applications/ChatGPT.app/Contents/Resources:/Applications/ChatGPT.app/Contents/Resources/codex-cli/CodexCLI.app/Contents/MacOS:/Users/havardottestad/.orbstack/bin:/Users/havardottestad/.cache/lm-studio/bin
SHELL=/bin/zsh
LANG=C.UTF-8
LC_ALL=C.UTF-8
LC_CTYPE=C.UTF-8
TERM=dumb
TMPDIR=/var/folders/0m/x3jzy4t15djd88znchzzx1_h0000gn/T/

Active Locale:
LC_ALL=C.UTF-8
LC_COLLATE=C.UTF-8
LC_CTYPE=C.UTF-8
LC_MESSAGES=C.UTF-8
LC_MONETARY=C.UTF-8
LC_NUMERIC=C.UTF-8
LC_TIME=C.UTF-8

Signal Handlers:
   SIGSEGV: crash_handler in libjvm.dylib, mask=11100110000111110111111111111111, flags=SA_ONSTACK|SA_RESTART|SA_SIGINFO, unblocked
    SIGBUS: crash_handler in libjvm.dylib, mask=11100110000111110111111111111111, flags=SA_RESTART|SA_SIGINFO, unblocked
    SIGFPE: crash_handler in libjvm.dylib, mask=11100110000111110111111111111111, flags=SA_RESTART|SA_SIGINFO, unblocked
   SIGPIPE: javaSignalHandler in libjvm.dylib, mask=11100110000111110111111111111111, flags=SA_RESTART|SA_SIGINFO, blocked
   SIGXFSZ: javaSignalHandler in libjvm.dylib, mask=11100110000111110111111111111111, flags=SA_RESTART|SA_SIGINFO, blocked
    SIGILL: crash_handler in libjvm.dylib, mask=11100110000111110111111111111111, flags=SA_RESTART|SA_SIGINFO, unblocked
   SIGUSR2: SR_handler in libjvm.dylib, mask=00000000000000000000000000000000, flags=SA_RESTART|SA_SIGINFO, blocked
    SIGHUP: UserHandler in libjvm.dylib, mask=11100110000111110111111111111111, flags=SA_RESTART|SA_SIGINFO, blocked
    SIGINT: UserHandler in libjvm.dylib, mask=11100110000111110111111111111111, flags=SA_RESTART|SA_SIGINFO, blocked
   SIGTERM: UserHandler in libjvm.dylib, mask=11100110000111110111111111111111, flags=SA_RESTART|SA_SIGINFO, blocked
   SIGQUIT: UserHandler in libjvm.dylib, mask=11100110000111110111111111111111, flags=SA_RESTART|SA_SIGINFO, blocked
   SIGTRAP: crash_handler in libjvm.dylib, mask=11100110000111110111111111111111, flags=SA_RESTART|SA_SIGINFO, unblocked


Compilation memory statistics disabled.

Periodic native trim disabled

---------------  S Y S T E M  ---------------

OS:
uname: Darwin 25.6.0 Darwin Kernel Version 25.6.0: Fri Jul 31 19:18:53 PDT 2026; root:xnu-12377.161.14~5/RELEASE_ARM64_T6031 arm64
OS uptime: 5 days 0:19 hours
rlimit (soft/hard): STACK 8176k/65520k , CORE 0k/infinity , NPROC 10666/16000 , NOFILE 1048576/infinity , AS infinity/infinity , CPU infinity/infinity , DATA infinity/infinity , FSIZE infinity/infinity , MEMLOCK infinity/infinity , RSS infinity/infinity
load average: 23.11 21.64 24.77

CPU: total 16 (initial active 16) 0x61:0x0:0x72015832:0, fp, asimd, aes, pmull, sha1, sha256, crc32, lse, sha3, sha512, sb
machdep.cpu.brand_string:Apple M3 Max
hw.cachelinesize:128
hw.l1icachesize:131072
hw.l1dcachesize:65536
hw.l2cachesize:4194304

Memory: 16k page, physical 134217728k(45875888k free), swap 0k(0k free)

vm_info: OpenJDK 64-Bit Server VM (26+35) for bsd-aarch64 JRE (26+35), built on 2026-03-17T00:00:00Z with clang Apple LLVM 15.0.0 (clang-1500.1.0.2.5)

END.
