mode,avg,median,p95,p99,samples,unit
legacy,7.771759290,8.333216372,8.858927356,8.952127143,10,ms/op
hybrid,7.691611245,8.335407223,8.689189126,8.730209422,10,ms/op
