mode,avg,median,p95,p99,samples,unit
legacy,8.571300088,8.466148815,8.828763999,8.860996460,3,ms/op
hybrid,8.836063881,8.978302455,9.024747212,9.028875635,3,ms/op
