mode,avg,median,p95,p99,samples,unit
legacy,7.357875041,7.625020030,8.606703254,8.657897258,10,ms/op
hybrid,7.721107161,8.271285803,8.798259908,8.822457539,10,ms/op
