mode,avg,median,p95,p99,samples,unit
legacy,6.843908821,7.025951534,7.929079568,8.004493958,10,ms/op
hybrid,7.213446772,7.266404685,8.533058950,8.617575038,10,ms/op
