index,legacy,hybrid,delta_pct
0,5.403519,4.829744,-10.62
2,5.319359,4.702747,-11.59
4,5.257754,4.762809,-9.41
6,5.341310,4.954854,-7.24
8,880.941090,872.457327,-0.96
10,9.012158,9.161320,1.66
