mode,avg,median,p95,p99,samples,unit
legacy,7.807856455,7.981469718,8.707213843,8.738140762,10,ms/op
hybrid,8.227682666,8.873921477,9.098347061,9.098645088,10,ms/op
