mode,avg,median,p95,p99,samples,unit
legacy,8.676612504,8.669169181,8.999921651,9.034825402,5,ms/op
hybrid,9.027878995,9.053286089,9.139225359,9.141976286,5,ms/op
