theme,legacy,hybrid,delta_pct
SOCIAL_MEDIA,8.947864,9.342831,4.41
LIBRARY,311.958927,286.858437,-8.05
ENGINEERING,16.016921,10.766405,-32.78
HIGHLY_CONNECTED,131635.795125,364.349653,-99.72
