plan_switch_gain,hybrid_avg,unit
0.12,7.590502635,ms/op
0.14,7.590067844,ms/op
0.16,7.462078865,ms/op
0.20,7.438650522,ms/op
0.30,7.502470241,ms/op
