mode,avg,median,p95,p99,samples,unit
legacy,7.746145104,7.986160984,8.997157833,9.054099424,10,ms/op
hybrid,7.953330565,8.782429780,8.980440303,9.006357384,10,ms/op
