mode,avg,median,p95,p99,samples,unit
legacy,7.736325787,7.973800902,8.718959586,8.807229636,10,ms/op
hybrid,8.230407694,8.644463478,9.290227124,9.439167749,10,ms/op
